サイト,市町,種別,種別根拠,所在地,価格(万円),土地面積(㎡),坪単価(万円/坪),種別上限(万円),地目,都市計画,接道,再建築可否,再建築理由,属人性,検出日,フラグ,詳細URL,判定
SUUMO 中古戸建 伊豆の国市,伊豆の国市,更地,土地カテゴリ（建物表記なし）,静岡県伊豆の国市吉田,1750,422.4,13.7,1500,田,—,,不明,接道・区分情報なし、詳細/役場で要確認,,2026-06-14,,https://suumo.jp/chukoikkodate/shizuoka/sc_izunokuni/nc_21007309/,不適合
SUUMO 中古戸建 伊豆の国市,伊豆の国市,更地,土地カテゴリ（建物表記なし）,静岡県伊豆の国市立花２,1980,392.6,16.7,1500,田,—,,不明,接道・区分情報なし、詳細/役場で要確認,,2026-06-14,注意:要相談,https://suumo.jp/chukoikkodate/shizuoka/sc_izunokuni/nc_78708755/,不適合
SUUMO 中古戸建 伊豆の国市,伊豆の国市,更地,土地カテゴリ（建物表記なし）,静岡県伊豆の国市韮山多田主要地,350,145.6,7.9,1500,田,—,,不明,接道・区分情報なし、詳細/役場で要確認,,2026-06-17,,https://suumo.jp/chukoikkodate/shizuoka/sc_izunokuni/nc_21079120/,不適合
SUUMO 中古戸建 伊豆の国市,伊豆の国市,更地,土地カテゴリ（建物表記なし）,静岡県伊豆の国市韮山山木,498,380.0,4.3,1500,—,—,,不明,接道・区分情報なし、詳細/役場で要確認,,2026-06-14,,https://suumo.jp/chukoikkodate/shizuoka/sc_izunokuni/nc_20766895/,適合
SUUMO 中古戸建 伊豆の国市,伊豆の国市,更地,土地カテゴリ（建物表記なし）,静岡県伊豆の国市立花３,500,346.0,4.8,1500,田,—,,不明,接道・区分情報なし、詳細/役場で要確認,,2026-06-14,,https://suumo.jp/chukoikkodate/shizuoka/sc_izunokuni/nc_20609633/,適合
SUUMO 中古戸建 伊豆の国市,伊豆の国市,更地,土地カテゴリ（建物表記なし）,静岡県伊豆の国市奈古谷,500,393.0,4.2,1500,—,—,,不明,接道・区分情報なし、詳細/役場で要確認,,2026-06-14,,https://suumo.jp/chukoikkodate/shizuoka/sc_izunokuni/nc_97860466/,適合
SUUMO 中古戸建 伊豆の国市,伊豆の国市,更地,土地カテゴリ（建物表記なし）,静岡県伊豆の国市奈古谷,520,290.0,5.9,1500,—,—,,不明,接道・区分情報なし、詳細/役場で要確認,,2026-06-14,,https://suumo.jp/chukoikkodate/shizuoka/sc_izunokuni/nc_20504430/,不適合
SUUMO 中古戸建 伊豆の国市,伊豆の国市,更地,土地カテゴリ（建物表記なし）,静岡県伊豆の国市奈古谷小松ケ原,580,358.0,5.4,1500,—,—,,不明,接道・区分情報なし、詳細/役場で要確認,,2026-06-14,,https://suumo.jp/chukoikkodate/shizuoka/sc_izunokuni/nc_78892714/,適合
SUUMO 中古戸建 伊豆の国市,伊豆の国市,更地,土地カテゴリ（建物表記なし）,静岡県伊豆の国市原木,750,117.3,21.1,1500,—,—,,不明,接道・区分情報なし、詳細/役場で要確認,,2026-06-14,,https://suumo.jp/chukoikkodate/shizuoka/sc_izunokuni/nc_20827752/,不適合
SUUMO 中古戸建 伊豆の国市,伊豆の国市,更地,土地カテゴリ（建物表記なし）,静岡県伊豆の国市御門,750,141.0,17.6,1500,田,—,,不明,接道・区分情報なし、詳細/役場で要確認,,2026-06-14,,https://suumo.jp/chukoikkodate/shizuoka/sc_izunokuni/nc_74752544/,不適合
SUUMO 中古戸建 伊豆の国市,伊豆の国市,中古戸建,中古戸建/住宅カテゴリ,静岡県伊豆の国市韮山多田,750,396.7,6.2,3000,田,—,,不明,接道・区分情報なし、詳細/役場で要確認,,2026-06-14,注意:別荘地 NG:富士見ニュータウン,https://suumo.jp/chukoikkodate/shizuoka/sc_izunokuni/nc_79112253/,適合
SUUMO 中古戸建 伊豆の国市,伊豆の国市,更地,土地カテゴリ（建物表記なし）,静岡県伊豆の国市大仁,800,136.9,19.3,1500,—,—,,不明,接道・区分情報なし、詳細/役場で要確認,,2026-06-14,,https://suumo.jp/chukoikkodate/shizuoka/sc_izunokuni/nc_20280636/,不適合
SUUMO 中古戸建 伊豆の国市,伊豆の国市,更地,土地カテゴリ（建物表記なし）,静岡県伊豆の国市奈古谷小松ケ原,800,366.3,7.2,1500,—,—,,不明,接道・区分情報なし、詳細/役場で要確認,,2026-06-14,,https://suumo.jp/chukoikkodate/shizuoka/sc_izunokuni/nc_21042192/,適合
SUUMO 中古戸建 伊豆の国市,伊豆の国市,更地,土地カテゴリ（建物表記なし）,静岡県伊豆の国市奈古谷,880,301.0,9.7,1500,—,—,,不明,接道・区分情報なし、詳細/役場で要確認,,2026-06-14,,https://suumo.jp/chukoikkodate/shizuoka/sc_izunokuni/nc_66521204/,不適合
SUUMO 中古戸建 伊豆の国市,伊豆の国市,更地,土地カテゴリ（建物表記なし）,静岡県伊豆の国市韮山山木,900,287.0,10.4,1500,—,—,,不明,接道・区分情報なし、詳細/役場で要確認,,2026-06-14,,https://suumo.jp/chukoikkodate/shizuoka/sc_izunokuni/nc_78110815/,不適合
SUUMO 中古戸建 伊豆の国市,伊豆の国市,更地,土地カテゴリ（建物表記なし）,静岡県伊豆の国市南條,900,199.5,14.9,1500,—,—,,不明,接道・区分情報なし、詳細/役場で要確認,,2026-06-14,,https://suumo.jp/chukoikkodate/shizuoka/sc_izunokuni/nc_20113184/,不適合
SUUMO 中古戸建 伊豆の国市,伊豆の国市,更地,土地カテゴリ（建物表記なし）,静岡県伊豆の国市三福,900,201.8,14.7,1500,—,—,,不明,接道・区分情報なし、詳細/役場で要確認,,2026-06-14,,https://suumo.jp/chukoikkodate/shizuoka/sc_izunokuni/nc_98525077/,不適合
SUUMO 中古戸建 伊豆の国市,伊豆の国市,中古戸建,中古戸建/住宅カテゴリ,静岡県伊豆の国市韮山多田,990,333.0,9.8,3000,田,—,,不明,接道・区分情報なし、詳細/役場で要確認,,2026-06-14,注意:別荘地 NG:富士見ニュータウン,https://suumo.jp/chukoikkodate/shizuoka/sc_izunokuni/nc_20773143/,適合
SUUMO 中古戸建 伊豆の国市,伊豆の国市,更地,土地カテゴリ（建物表記なし）,静岡県伊豆の国市韮山山木,1000,955.0,3.5,1500,—,—,,不明,接道・区分情報なし、詳細/役場で要確認,,2026-06-14,,https://suumo.jp/chukoikkodate/shizuoka/sc_izunokuni/nc_98299867/,適合
SUUMO 中古戸建 伊豆の国市,伊豆の国市,更地,土地カテゴリ（建物表記なし）,静岡県伊豆の国市奈古谷,1180,245.8,15.9,1500,—,—,,不明,接道・区分情報なし、詳細/役場で要確認,,2026-06-14,,https://suumo.jp/chukoikkodate/shizuoka/sc_izunokuni/nc_20998225/,不適合
SUUMO 中古戸建 伊豆の国市,伊豆の国市,更地,土地カテゴリ（建物表記なし）,静岡県伊豆の国市原木825-3,1299,109.0,39.4,1500,—,—,,不明,接道・区分情報なし、詳細/役場で要確認,,2026-06-14,,https://suumo.jp/chukoikkodate/shizuoka/sc_izunokuni/nc_20903783/,不適合
SUUMO 中古戸建 伊豆の国市,伊豆の国市,更地,土地カテゴリ（建物表記なし）,静岡県伊豆の国市奈古谷小松ケ原,1350,416.0,10.7,1500,—,—,,不明,接道・区分情報なし、詳細/役場で要確認,,2026-06-14,,https://suumo.jp/chukoikkodate/shizuoka/sc_izunokuni/nc_78494696/,適合
SUUMO 中古戸建 伊豆の国市,伊豆の国市,中古戸建,中古戸建/住宅カテゴリ,静岡県伊豆の国市花坂,1500,827.2,6.0,3000,田,—,,不明,接道・区分情報なし、詳細/役場で要確認,,2026-06-14,,https://suumo.jp/chukoikkodate/shizuoka/sc_izunokuni/nc_79135582/,適合
SUUMO 中古戸建 伊豆の国市,伊豆の国市,更地,土地カテゴリ（建物表記なし）,静岡県伊豆の国市宗光寺662-25,1549,264.3,19.4,1500,—,—,,不明,接道・区分情報なし、詳細/役場で要確認,,2026-06-14,,https://suumo.jp/chukoikkodate/shizuoka/sc_izunokuni/nc_20831265/,不適合
SUUMO 中古戸建 伊豆の国市,伊豆の国市,更地,土地カテゴリ（建物表記なし）,静岡県伊豆の国市原木,1580,210.7,24.8,1500,—,—,,不明,接道・区分情報なし、詳細/役場で要確認,,2026-06-14,,https://suumo.jp/chukoikkodate/shizuoka/sc_izunokuni/nc_78724672/,不適合
SUUMO 中古戸建 伊豆の国市,伊豆の国市,更地,土地カテゴリ（建物表記なし）,静岡県伊豆の国市原木742-12,1599,100.6,52.5,1500,—,—,,不明,接道・区分情報なし、詳細/役場で要確認,,2026-06-17,,https://suumo.jp/chukoikkodate/shizuoka/sc_izunokuni/nc_21076176/,不適合
SUUMO 中古戸建 伊豆の国市,伊豆の国市,更地,土地カテゴリ（建物表記なし）,静岡県伊豆の国市南條1421-221,1649,243.4,22.4,1500,—,—,,不明,接道・区分情報なし、詳細/役場で要確認,,2026-06-14,,https://suumo.jp/chukoikkodate/shizuoka/sc_izunokuni/nc_20831250/,不適合
SUUMO 中古戸建 伊豆の国市,伊豆の国市,更地,土地カテゴリ（建物表記なし）,静岡県伊豆の国市奈古谷小松ケ原,1780,221.0,26.6,1500,—,—,,不明,接道・区分情報なし、詳細/役場で要確認,,2026-06-14,,https://suumo.jp/chukoikkodate/shizuoka/sc_izunokuni/nc_97178786/,不適合
SUUMO 中古戸建 伊豆の国市,伊豆の国市,更地,土地カテゴリ（建物表記なし）,静岡県伊豆の国市奈古谷小松ケ原,1800,637.0,9.3,1500,—,—,,不明,接道・区分情報なし、詳細/役場で要確認,,2026-06-14,,https://suumo.jp/chukoikkodate/shizuoka/sc_izunokuni/nc_20891509/,不適合
SUUMO 中古戸建 伊豆の国市,伊豆の国市,更地,土地カテゴリ（建物表記なし）,静岡県伊豆の国市古奈1118-10,1849,213.7,28.6,1500,—,—,,不明,接道・区分情報なし、詳細/役場で要確認,,2026-06-14,,https://suumo.jp/chukoikkodate/shizuoka/sc_izunokuni/nc_20831311/,不適合
SUUMO 中古戸建 伊豆の国市,伊豆の国市,更地,土地カテゴリ（建物表記なし）,静岡県伊豆の国市南條,1880,184.1,33.8,1500,—,—,,不明,接道・区分情報なし、詳細/役場で要確認,,2026-06-14,,https://suumo.jp/chukoikkodate/shizuoka/sc_izunokuni/nc_20868345/,不適合
SUUMO 中古戸建 伊豆の国市,伊豆の国市,更地,土地カテゴリ（建物表記なし）,静岡県伊豆の国市奈古谷エメラルドタウン,1980,558.2,11.7,1500,—,—,,不明,接道・区分情報なし、詳細/役場で要確認,,2026-06-14,NG:エメラルドタウン,https://suumo.jp/chukoikkodate/shizuoka/sc_izunokuni/nc_91192340/,不適合
SUUMO 中古戸建 伊豆の国市,伊豆の国市,中古戸建,中古戸建/住宅カテゴリ,静岡県伊豆の国市原木,1980,312.6,20.9,3000,田,—,,不明,接道・区分情報なし、詳細/役場で要確認,,2026-06-14,,https://suumo.jp/chukoikkodate/shizuoka/sc_izunokuni/nc_79178268/,不適合
SUUMO 中古戸建 伊豆の国市,伊豆の国市,更地,土地カテゴリ（建物表記なし）,静岡県伊豆の国市三福,2180,128.1,56.3,1500,田,—,,不明,接道・区分情報なし、詳細/役場で要確認,,2026-06-14,,https://suumo.jp/chukoikkodate/shizuoka/sc_izunokuni/nc_20428723/,不適合
SUUMO 中古戸建 伊豆の国市,伊豆の国市,更地,土地カテゴリ（建物表記なし）,静岡県伊豆の国市大仁,2230,210.7,35.0,1500,田,—,,不明,接道・区分情報なし、詳細/役場で要確認,,2026-06-14,注意:温泉,https://suumo.jp/chukoikkodate/shizuoka/sc_izunokuni/nc_79025794/,不適合
SUUMO 中古戸建 伊豆の国市,伊豆の国市,更地,土地カテゴリ（建物表記なし）,静岡県伊豆の国市大仁,2230,210.7,35.0,1500,—,—,,不明,接道・区分情報なし、詳細/役場で要確認,,2026-06-14,,https://suumo.jp/chukoikkodate/shizuoka/sc_izunokuni/nc_78650107/,不適合
SUUMO 中古戸建 伊豆の国市,伊豆の国市,更地,土地カテゴリ（建物表記なし）,静岡県伊豆の国市長岡,2480,360.0,22.8,1500,—,—,,不明,接道・区分情報なし、詳細/役場で要確認,,2026-06-14,,https://suumo.jp/chukoikkodate/shizuoka/sc_izunokuni/nc_79002142/,不適合
SUUMO 中古戸建 伊豆の国市,伊豆の国市,更地,土地カテゴリ（建物表記なし）,静岡県伊豆の国市寺家981-23,2499,285.0,29.0,1500,—,—,,不明,接道・区分情報なし、詳細/役場で要確認,,2026-06-14,,https://suumo.jp/chukoikkodate/shizuoka/sc_izunokuni/nc_20899253/,不適合
SUUMO 中古戸建 伊豆の国市,伊豆の国市,更地,土地カテゴリ（建物表記なし）,静岡県伊豆の国市寺家,2499,285.0,29.0,1500,—,—,,不明,接道・区分情報なし、詳細/役場で要確認,,2026-06-14,,https://suumo.jp/chukoikkodate/shizuoka/sc_izunokuni/nc_20047596/,不適合
SUUMO 中古戸建 伊豆の国市,伊豆の国市,更地,土地カテゴリ（建物表記なし）,静岡県伊豆の国市奈古谷小松ケ原,2780,378.0,24.3,1500,—,—,,不明,接道・区分情報なし、詳細/役場で要確認,,2026-06-14,,https://suumo.jp/chukoikkodate/shizuoka/sc_izunokuni/nc_77034505/,不適合
SUUMO 中古戸建 伊豆の国市,伊豆の国市,更地,土地カテゴリ（建物表記なし）,静岡県伊豆の国市天野,2800,170.5,54.3,1500,—,—,,不明,接道・区分情報なし、詳細/役場で要確認,,2026-06-14,,https://suumo.jp/chukoikkodate/shizuoka/sc_izunokuni/nc_20882818/,不適合
SUUMO 中古戸建 伊豆の国市,伊豆の国市,更地,土地カテゴリ（建物表記なし）,静岡県伊豆の国市三福,2980,332.6,29.6,1500,田,—,,不明,接道・区分情報なし、詳細/役場で要確認,,2026-06-17,,https://suumo.jp/chukoikkodate/shizuoka/sc_izunokuni/nc_20393789/,不適合
SUUMO 中古戸建 伊豆の国市,伊豆の国市,更地,土地カテゴリ（建物表記なし）,静岡県伊豆の国市富士見,3000,164.0,60.5,1500,—,—,,不明,接道・区分情報なし、詳細/役場で要確認,,2026-06-14,,https://suumo.jp/chukoikkodate/shizuoka/sc_izunokuni/nc_78266044/,不適合
SUUMO 中古戸建 伊豆の国市,伊豆の国市,更地,土地カテゴリ（建物表記なし）,静岡県伊豆の国市富士見,3000,850.9,11.7,1500,—,—,,不明,接道・区分情報なし、詳細/役場で要確認,,2026-06-14,,https://suumo.jp/chukoikkodate/shizuoka/sc_izunokuni/nc_70162439/,不適合
SUUMO 中古戸建 伊豆の国市,伊豆の国市,更地,土地カテゴリ（建物表記なし）,静岡県伊豆の国市大仁,3200,160.6,65.9,1500,—,—,,不明,接道・区分情報なし、詳細/役場で要確認,,2026-06-14,,https://suumo.jp/chukoikkodate/shizuoka/sc_izunokuni/nc_74842726/,不適合
SUUMO 中古戸建 伊豆の国市,伊豆の国市,更地,土地カテゴリ（建物表記なし）,静岡県伊豆の国市長岡,3280,157.3,68.9,1500,—,—,,不明,接道・区分情報なし、詳細/役場で要確認,,2026-06-14,注意:温泉,https://suumo.jp/chukoikkodate/shizuoka/sc_izunokuni/nc_76083243/,不適合
SUUMO 中古戸建 伊豆の国市,伊豆の国市,更地,土地カテゴリ（建物表記なし）,静岡県伊豆の国市吉田,3650,563.0,21.4,1500,田,—,,不明,接道・区分情報なし、詳細/役場で要確認,,2026-06-14,,https://suumo.jp/chukoikkodate/shizuoka/sc_izunokuni/nc_20155773/,不適合
SUUMO 中古戸建 伊豆の国市,伊豆の国市,中古戸建,中古戸建/住宅カテゴリ,静岡県伊豆の国市原木,4200,201.8,68.8,3000,—,—,,不明,接道・区分情報なし、詳細/役場で要確認,,2026-06-14,,https://suumo.jp/chukoikkodate/shizuoka/sc_izunokuni/nc_76974208/,不適合
SUUMO 中古戸建 伊豆の国市,伊豆の国市,更地,土地カテゴリ（建物表記なし）,静岡県伊豆の国市古奈,5600,331.6,55.8,1500,田,—,,不明,接道・区分情報なし、詳細/役場で要確認,,2026-06-14,,https://suumo.jp/chukoikkodate/shizuoka/sc_izunokuni/nc_97670552/,不適合
SUUMO 中古戸建 伊豆の国市,伊豆の国市,更地,土地カテゴリ（建物表記なし）,静岡県伊豆の国市長岡,9500,846.8,37.1,1500,田,—,,不明,接道・区分情報なし、詳細/役場で要確認,,2026-06-14,,https://suumo.jp/chukoikkodate/shizuoka/sc_izunokuni/nc_76448476/,不適合
空き家バンクしずおか 函南町,函南町,空き家,掲載に空き家表記,田方郡函南町仁田229-8,2490,175.8,46.8,3000,田,市街化区域,,不明,接道・区分情報なし、詳細/役場で要確認,,2026-06-14,,https://akiya-bank.shizuoka.fudohsan.jp/%E7%89%A9%E4%BB%B6/171686/settle/1,不適合
空き家バンクしずおか 函南町,函南町,更地,土地カテゴリ（建物表記なし）,田方郡函南町間宮,2980,128.5,76.7,1500,田,市街化区域,,不明,接道・区分情報なし、詳細/役場で要確認,,2026-06-14,,https://akiya-bank.shizuoka.fudohsan.jp/%E7%89%A9%E4%BB%B6/172053/settle/1,不適合
空き家バンクしずおか 函南町,函南町,空き家,掲載に空き家表記,田方郡函南町仁田,2890,116.1,82.3,3000,田,市街化区域,,不明,接道・区分情報なし、詳細/役場で要確認,,2026-06-14,,https://akiya-bank.shizuoka.fudohsan.jp/%E7%89%A9%E4%BB%B6/164848/settle/1,不適合
空き家バンクしずおか 函南町,函南町,空き家,掲載に空き家表記,田方郡函南町仁田,2650,164.7,53.2,3000,田,市街化区域,,不明,接道・区分情報なし、詳細/役場で要確認,,2026-06-14,,https://akiya-bank.shizuoka.fudohsan.jp/%E7%89%A9%E4%BB%B6/173191/settle/1,不適合
空き家バンクしずおか 函南町,函南町,空き家,掲載に空き家表記,田方郡函南町仁田,2650,119.1,73.6,3000,田,市街化区域,,不明,接道・区分情報なし、詳細/役場で要確認,,2026-06-14,,https://akiya-bank.shizuoka.fudohsan.jp/%E7%89%A9%E4%BB%B6/168035/settle/1,不適合
空き家バンクしずおか 函南町,函南町,更地,土地カテゴリ（建物表記なし）,田方郡函南町大土肥,2780,248.0,37.1,1500,田,市街化区域,,不明,接道・区分情報なし、詳細/役場で要確認,,2026-06-14,,https://akiya-bank.shizuoka.fudohsan.jp/%E7%89%A9%E4%BB%B6/168927/settle/1,不適合
空き家バンクしずおか 函南町,函南町,空き家,掲載に空き家表記,田方郡函南町平井,590,543.0,3.6,3000,田,市街化区域,,不明,接道・区分情報なし、詳細/役場で要確認,,2026-06-14,関心:無指定 NG:エメラルドタウン,https://akiya-bank.shizuoka.fudohsan.jp/%E7%89%A9%E4%BB%B6/174222/settle/1,適合
空き家バンクしずおか 函南町,函南町,空き家,掲載に空き家表記,田方郡函南町仁田35-7,2890,116.1,82.3,3000,田,市街化区域,,不明,接道・区分情報なし、詳細/役場で要確認,,2026-06-14,,https://akiya-bank.shizuoka.fudohsan.jp/%E7%89%A9%E4%BB%B6/173476/settle/1,不適合
空き家バンクしずおか 函南町,函南町,空き家,掲載に空き家表記,田方郡函南町畑毛389-3,480,165.3,9.6,3000,畑,市街化調整区域,,△,調整区域につき要役場確認＝本命候補,,2026-06-14,関心:調整区域/無指定,https://akiya-bank.shizuoka.fudohsan.jp/%E7%89%A9%E4%BB%B6/174189/settle/1,不適合
空き家バンクしずおか 函南町,函南町,空き家,掲載に空き家表記,田方郡函南町平井1247番の4,2700,424.8,21.0,3000,田,市街化区域,,不明,接道・区分情報なし、詳細/役場で要確認,,2026-06-14,,https://akiya-bank.shizuoka.fudohsan.jp/%E7%89%A9%E4%BB%B6/161158/settle/1,適合
空き家バンクしずおか 函南町,函南町,空き家,掲載に空き家表記,田方郡函南町仁田,2390,84.3,93.7,3000,田,—,,不明,接道・区分情報なし、詳細/役場で要確認,,2026-06-14,注意:管理費,https://akiya-bank.shizuoka.fudohsan.jp/%E7%89%A9%E4%BB%B6/173658/settle/1,不適合
空き家バンクしずおか 函南町,函南町,更地,土地カテゴリ（建物表記なし）,田方郡函南町肥田68-2,1453,686.0,7.0,1500,田,市街化調整区域,,△,調整区域につき要役場確認＝本命候補,,2026-06-14,関心:調整区域/無指定,https://akiya-bank.shizuoka.fudohsan.jp/%E7%89%A9%E4%BB%B6/126876/settle/1,適合
空き家バンクしずおか 函南町,函南町,空き家,掲載に空き家表記,田方郡函南町柏谷938-9,2390,138.3,57.1,3000,田,市街化区域,,不明,接道・区分情報なし、詳細/役場で要確認,,2026-06-14,,https://akiya-bank.shizuoka.fudohsan.jp/%E7%89%A9%E4%BB%B6/148328/settle/1,不適合
空き家バンクしずおか 函南町,函南町,更地,土地カテゴリ（建物表記なし）,田方郡函南町塚本,1780,603.0,9.8,1500,畑,市街化調整区域,,△,調整区域につき要役場確認＝本命候補,,2026-06-14,関心:調整区域/無指定,https://akiya-bank.shizuoka.fudohsan.jp/%E7%89%A9%E4%BB%B6/168271/settle/1,不適合
空き家バンクしずおか 函南町,函南町,古家付き土地,土地＋古家/上物の表記,田方郡函南町平井,200,356.9,1.9,1500,田,市街化調整区域,,△,調整区域につき要役場確認＝本命候補,,2026-06-14,関心:調整区域/無指定,https://akiya-bank.shizuoka.fudohsan.jp/%E7%89%A9%E4%BB%B6/171294/settle/1,適合
空き家バンクしずおか 函南町,函南町,更地,土地カテゴリ（建物表記なし）,田方郡函南町大竹,700,206.6,11.2,1500,田,市街化調整区域,,△,調整区域につき要役場確認＝本命候補,,2026-06-14,関心:調整区域/無指定,https://akiya-bank.shizuoka.fudohsan.jp/%E7%89%A9%E4%BB%B6/171641/settle/1,不適合
空き家バンクしずおか 函南町,函南町,古家付き土地,土地＋古家/上物の表記,田方郡函南町上沢768-14,350,169.2,6.8,1500,田,市街化調整区域,,△,調整区域につき要役場確認＝本命候補,,2026-06-14,関心:調整区域/無指定,https://akiya-bank.shizuoka.fudohsan.jp/%E7%89%A9%E4%BB%B6/160715/settle/1,不適合
空き家バンクしずおか 函南町,函南町,空き家,掲載に空き家表記,田方郡函南町平井,965,241.4,13.2,3000,田,市街化区域,,不明,接道・区分情報なし、詳細/役場で要確認,,2026-06-14,,https://akiya-bank.shizuoka.fudohsan.jp/%E7%89%A9%E4%BB%B6/173699/settle/1,不適合
空き家バンクしずおか 函南町,函南町,更地,土地カテゴリ（建物表記なし）,田方郡函南町平井１２８４－１６、１２８４－２、,2100,321.5,21.6,1500,宅地,市街化区域,,不明,接道・区分情報なし、詳細/役場で要確認,,2026-06-14,,https://akiya-bank.shizuoka.fudohsan.jp/%E7%89%A9%E4%BB%B6/59401/settle/1,不適合
空き家バンクしずおか 函南町,函南町,空き家,掲載に空き家表記,田方郡函南町平井,1180,271.7,14.4,3000,田,市街化調整区域,,△,調整区域につき要役場確認＝本命候補,,2026-06-14,関心:調整区域/無指定 NG:南箱根ダイヤランド,https://akiya-bank.shizuoka.fudohsan.jp/%E7%89%A9%E4%BB%B6/166471/settle/1,不適合
空き家バンクしずおか 函南町,函南町,中古戸建,中古戸建/住宅カテゴリ,田方郡函南町平井1740-669,1780,429.5,13.7,3000,畑,市街化調整区域,,△,調整区域につき要役場確認＝本命候補,,2026-06-14,関心:調整区域/無指定 NG:南箱根ダイヤランド,https://akiya-bank.shizuoka.fudohsan.jp/%E7%89%A9%E4%BB%B6/153397/settle/1,適合
空き家バンクしずおか 函南町,函南町,更地,土地カテゴリ（建物表記なし）,田方郡函南町上沢,50,332.0,0.5,1500,田,市街化調整区域,,△,調整区域につき要役場確認＝本命候補,,2026-06-14,関心:調整区域/無指定,https://akiya-bank.shizuoka.fudohsan.jp/%E7%89%A9%E4%BB%B6/92609/settle/1,適合
空き家バンクしずおか 函南町,函南町,空き家,掲載に空き家表記,田方郡函南町上沢,750,339.0,7.3,3000,田,市街化調整区域,,△,調整区域につき要役場確認＝本命候補,,2026-06-14,関心:調整区域/無指定,https://akiya-bank.shizuoka.fudohsan.jp/%E7%89%A9%E4%BB%B6/156063/settle/1,適合
空き家バンクしずおか 函南町,函南町,古家付き土地,土地＋古家/上物の表記,田方郡函南町肥田,3500,1400.6,8.3,1500,田,市街化調整区域,,△,調整区域につき要役場確認＝本命候補,,2026-06-14,関心:調整区域/無指定,https://akiya-bank.shizuoka.fudohsan.jp/%E7%89%A9%E4%BB%B6/124611/settle/1,不適合
空き家バンクしずおか 函南町,函南町,更地,土地カテゴリ（建物表記なし）,田方郡函南町畑毛,1580,742.0,7.0,1500,畑,市街化調整区域,,△,調整区域につき要役場確認＝本命候補,,2026-06-14,関心:調整区域/無指定,https://akiya-bank.shizuoka.fudohsan.jp/%E7%89%A9%E4%BB%B6/163601/settle/1,不適合
空き家バンクしずおか 函南町,函南町,空き家,掲載に空き家表記,田方郡函南町平井,990,365.0,9.0,3000,田,市街化区域,,不明,接道・区分情報なし、詳細/役場で要確認,,2026-06-14,関心:無指定 注意:温泉 NG:南箱根ダイヤランド,https://akiya-bank.shizuoka.fudohsan.jp/%E7%89%A9%E4%BB%B6/165995/settle/1,適合
空き家バンクしずおか 函南町,函南町,空き家,掲載に空き家表記,田方郡函南町平井南箱根ダイヤランド1753-737,980,379.0,8.5,3000,田,市街化調整区域,,△,調整区域につき要役場確認＝本命候補,,2026-06-14,関心:調整区域/無指定 NG:南箱根ダイヤランド,https://akiya-bank.shizuoka.fudohsan.jp/%E7%89%A9%E4%BB%B6/135423/settle/1,適合
空き家バンクしずおか 函南町,函南町,空き家,掲載に空き家表記,田方郡函南町平井1733-633,320,378.0,2.8,3000,田,市街化調整区域,,△,調整区域につき要役場確認＝本命候補,,2026-06-14,関心:調整区域/無指定,https://akiya-bank.shizuoka.fudohsan.jp/%E7%89%A9%E4%BB%B6/128773/settle/1,適合
空き家バンクしずおか 函南町,函南町,更地,土地カテゴリ（建物表記なし）,田方郡函南町上沢951-205,50,449.0,0.4,1500,田,市街化調整区域,,△,調整区域につき要役場確認＝本命候補,,2026-06-14,関心:調整区域/無指定,https://akiya-bank.shizuoka.fudohsan.jp/%E7%89%A9%E4%BB%B6/128604/settle/1,適合
空き家バンクしずおか 函南町,函南町,空き家,掲載に空き家表記,田方郡函南町平井1720番７４他,3500,1924.8,6.0,3000,田,市街化調整区域,,△,調整区域につき要役場確認＝本命候補,,2026-06-14,関心:調整区域/無指定,https://akiya-bank.shizuoka.fudohsan.jp/%E7%89%A9%E4%BB%B6/120470/settle/1,不適合
空き家バンクしずおか 函南町,函南町,更地,土地カテゴリ（建物表記なし）,田方郡函南町丹那南箱根ダイヤランド529－587,200,363.6,1.8,1500,田,市街化調整区域,,△,調整区域につき要役場確認＝本命候補,,2026-06-14,関心:調整区域/無指定 注意:温泉 NG:南箱根ダイヤランド,https://akiya-bank.shizuoka.fudohsan.jp/%E7%89%A9%E4%BB%B6/61857/settle/1,適合
空き家バンクしずおか 函南町,函南町,空き家,掲載に空き家表記,田方郡函南町平井,980,408.0,7.9,3000,田,市街化区域,,不明,接道・区分情報なし、詳細/役場で要確認,,2026-06-14,関心:無指定 NG:南箱根ダイヤランド,https://akiya-bank.shizuoka.fudohsan.jp/%E7%89%A9%E4%BB%B6/173001/settle/1,適合
空き家バンクしずおか 函南町,函南町,空き家,掲載に空き家表記,田方郡函南町肥田408-9,1500,145.6,34.1,3000,田,市街化区域,,不明,接道・区分情報なし、詳細/役場で要確認,,2026-06-14,,https://akiya-bank.shizuoka.fudohsan.jp/%E7%89%A9%E4%BB%B6/153293/settle/1,不適合
空き家バンクしずおか 函南町,函南町,更地,土地カテゴリ（建物表記なし）,田方郡函南町塚本939-4,5500,771.5,23.6,1500,田,市街化調整区域,,△,調整区域につき要役場確認＝本命候補,,2026-06-14,関心:調整区域/無指定,https://akiya-bank.shizuoka.fudohsan.jp/%E7%89%A9%E4%BB%B6/139026/settle/1,不適合
空き家バンクしずおか 函南町,函南町,更地,土地カテゴリ（建物表記なし）,田方郡函南町柏谷1264-1,280,996.0,0.9,1500,宅地,市街化区域,,不明,接道・区分情報なし、詳細/役場で要確認,,2026-06-14,,https://akiya-bank.shizuoka.fudohsan.jp/%E7%89%A9%E4%BB%B6/146283/settle/1,適合
空き家バンクしずおか 函南町,函南町,空き家,掲載に空き家表記,田方郡函南町柏谷,1880,347.1,17.9,3000,田,市街化区域,,不明,接道・区分情報なし、詳細/役場で要確認,,2026-06-14,,https://akiya-bank.shizuoka.fudohsan.jp/%E7%89%A9%E4%BB%B6/167122/settle/1,適合
空き家バンクしずおか 函南町,函南町,空き家,掲載に空き家表記,田方郡函南町平井南箱根ダイヤランド,380,290.0,4.3,3000,田,市街化調整区域,,△,調整区域につき要役場確認＝本命候補,,2026-06-14,関心:調整区域/無指定 注意:温泉 NG:南箱根ダイヤランド,https://akiya-bank.shizuoka.fudohsan.jp/%E7%89%A9%E4%BB%B6/111023/settle/1,不適合
空き家バンクしずおか 函南町,函南町,空き家,掲載に空き家表記,田方郡函南町丹那,2650,370.5,23.6,3000,田,市街化調整区域,,△,調整区域につき要役場確認＝本命候補,,2026-06-14,関心:調整区域/無指定,https://akiya-bank.shizuoka.fudohsan.jp/%E7%89%A9%E4%BB%B6/159531/settle/1,適合
空き家バンクしずおか 函南町,函南町,更地,土地カテゴリ（建物表記なし）,田方郡函南町平井1753-1387,980,233.0,13.9,1500,田,市街化区域,,不明,接道・区分情報なし、詳細/役場で要確認,,2026-06-14,関心:無指定 NG:南箱根ダイヤランド,https://akiya-bank.shizuoka.fudohsan.jp/%E7%89%A9%E4%BB%B6/149239/settle/1,不適合
空き家バンクしずおか 函南町,函南町,古家付き土地,土地＋古家/上物の表記,田方郡函南町肥田917-1,3500,1400.6,8.3,1500,田,市街化調整区域,,△,調整区域につき要役場確認＝本命候補,,2026-06-14,関心:調整区域/無指定,https://akiya-bank.shizuoka.fudohsan.jp/%E7%89%A9%E4%BB%B6/124718/settle/1,不適合
空き家バンクしずおか 函南町,函南町,更地,土地カテゴリ（建物表記なし）,田方郡函南町畑毛478-7,530,252.0,7.0,1500,宅地,市街化調整区域,,△,調整区域につき要役場確認＝本命候補,,2026-06-14,関心:調整区域,https://akiya-bank.shizuoka.fudohsan.jp/%E7%89%A9%E4%BB%B6/171540/settle/1,不適合
空き家バンクしずおか 函南町,函南町,更地,土地カテゴリ（建物表記なし）,田方郡函南町平井1753番1500,300,206.0,4.8,1500,田,市街化調整区域,,△,調整区域につき要役場確認＝本命候補,,2026-06-14,関心:調整区域/無指定,https://akiya-bank.shizuoka.fudohsan.jp/%E7%89%A9%E4%BB%B6/133665/settle/1,不適合
空き家バンクしずおか 函南町,函南町,更地,土地カテゴリ（建物表記なし）,田方郡函南町丹那1316番529,300,249.0,4.0,1500,田,市街化調整区域,,△,調整区域につき要役場確認＝本命候補,,2026-06-14,関心:調整区域/無指定,https://akiya-bank.shizuoka.fudohsan.jp/%E7%89%A9%E4%BB%B6/133668/settle/1,不適合
空き家バンクしずおか 伊豆の国市,伊豆の国市,更地,土地カテゴリ（建物表記なし）,伊豆の国市長崎350-6,1150,201.0,18.9,1500,田,市街化調整区域,,△,調整区域につき要役場確認＝本命候補,,2026-06-14,関心:調整区域/無指定,https://akiya-bank.shizuoka.fudohsan.jp/%E7%89%A9%E4%BB%B6/132916/settle/1,不適合
空き家バンクしずおか 伊豆の国市,伊豆の国市,更地,土地カテゴリ（建物表記なし）,伊豆の国市長崎350-4,1380,205.0,22.3,1500,田,市街化調整区域,,△,調整区域につき要役場確認＝本命候補,,2026-06-14,関心:調整区域/無指定,https://akiya-bank.shizuoka.fudohsan.jp/%E7%89%A9%E4%BB%B6/132911/settle/1,不適合
空き家バンクしずおか 伊豆の国市,伊豆の国市,更地,土地カテゴリ（建物表記なし）,伊豆の国市長崎350-8,1180,201.5,19.4,1500,田,市街化調整区域,,△,調整区域につき要役場確認＝本命候補,,2026-06-14,関心:調整区域/無指定,https://akiya-bank.shizuoka.fudohsan.jp/%E7%89%A9%E4%BB%B6/132918/settle/1,不適合
空き家バンクしずおか 伊豆の国市,伊豆の国市,中古戸建,中古戸建/住宅カテゴリ,伊豆の国市奈古谷,580,358.0,5.4,3000,田,市街化区域,,不明,接道・区分情報なし、詳細/役場で要確認,,2026-06-14,関心:無指定 注意:別荘地,https://akiya-bank.shizuoka.fudohsan.jp/%E7%89%A9%E4%BB%B6/165205/settle/1,適合
空き家バンクしずおか 伊豆の国市,伊豆の国市,古家付き土地,土地＋古家/上物の表記,伊豆の国市奈古谷,780,381.0,6.8,1500,田,市街化区域,,不明,接道・区分情報なし、詳細/役場で要確認,,2026-06-14,関心:無指定 注意:別荘地,https://akiya-bank.shizuoka.fudohsan.jp/%E7%89%A9%E4%BB%B6/171443/settle/1,適合
空き家バンクしずおか 伊豆の国市,伊豆の国市,更地,土地カテゴリ（建物表記なし）,伊豆の国市小坂,1180,257.9,15.1,1500,田,市街化調整区域,,△,調整区域につき要役場確認＝本命候補,,2026-06-14,関心:調整区域/無指定,https://akiya-bank.shizuoka.fudohsan.jp/%E7%89%A9%E4%BB%B6/163787/settle/1,不適合
空き家バンクしずおか 伊豆の国市,伊豆の国市,更地,土地カテゴリ（建物表記なし）,伊豆の国市長岡,1480,343.6,14.2,1500,田,市街化区域,,不明,接道・区分情報なし、詳細/役場で要確認,,2026-06-14,,https://akiya-bank.shizuoka.fudohsan.jp/%E7%89%A9%E4%BB%B6/97610/settle/1,適合
空き家バンクしずおか 伊豆の国市,伊豆の国市,空き家,掲載に空き家表記,伊豆の国市長岡1334-4,288,43.0,22.1,3000,田,—,,不明,接道・区分情報なし、詳細/役場で要確認,,2026-06-14,注意:管理費,https://akiya-bank.shizuoka.fudohsan.jp/%E7%89%A9%E4%BB%B6/152585/settle/1,不適合
空き家バンクしずおか 伊豆の国市,伊豆の国市,更地,土地カテゴリ（建物表記なし）,伊豆の国市四日町1005-1,1300,190.1,22.6,1500,宅地,市街化区域,,不明,接道・区分情報なし、詳細/役場で要確認,,2026-06-14,,https://akiya-bank.shizuoka.fudohsan.jp/%E7%89%A9%E4%BB%B6/143272/settle/1,不適合
空き家バンクしずおか 伊豆の国市,伊豆の国市,更地,土地カテゴリ（建物表記なし）,伊豆の国市奈古谷エメラルドタウン,1180,245.8,15.9,1500,田,市街化調整区域,,△,調整区域につき要役場確認＝本命候補,,2026-06-14,関心:調整区域/無指定 NG:エメラルドタウン,https://akiya-bank.shizuoka.fudohsan.jp/%E7%89%A9%E4%BB%B6/173766/settle/1,不適合
空き家バンクしずおか 伊豆の国市,伊豆の国市,更地,土地カテゴリ（建物表記なし）,伊豆の国市長崎350-7,1150,226.3,16.8,1500,田,市街化調整区域,,△,調整区域につき要役場確認＝本命候補,,2026-06-14,関心:調整区域/無指定,https://akiya-bank.shizuoka.fudohsan.jp/%E7%89%A9%E4%BB%B6/138640/settle/1,不適合
空き家バンクしずおか 伊豆の国市,伊豆の国市,更地,土地カテゴリ（建物表記なし）,伊豆の国市原木38-1,1390,270.0,17.0,1500,田,市街化区域,,不明,接道・区分情報なし、詳細/役場で要確認,,2026-06-14,,https://akiya-bank.shizuoka.fudohsan.jp/%E7%89%A9%E4%BB%B6/139291/settle/1,不適合
空き家バンクしずおか 伊豆の国市,伊豆の国市,更地,土地カテゴリ（建物表記なし）,伊豆の国市原木,980,165.1,19.6,1500,田,市街化区域,,不明,接道・区分情報なし、詳細/役場で要確認,,2026-06-14,,https://akiya-bank.shizuoka.fudohsan.jp/%E7%89%A9%E4%BB%B6/173222/settle/1,不適合
空き家バンクしずおか 伊豆の国市,伊豆の国市,更地,土地カテゴリ（建物表記なし）,伊豆の国市奈古谷小松ケ原2228-200,680,337.0,6.7,1500,畑,市街化調整区域,,△,調整区域につき要役場確認＝本命候補,,2026-06-14,関心:調整区域/無指定,https://akiya-bank.shizuoka.fudohsan.jp/%E7%89%A9%E4%BB%B6/111154/settle/1,適合
空き家バンクしずおか 伊豆の国市,伊豆の国市,更地,土地カテゴリ（建物表記なし）,伊豆の国市小坂,1180,257.9,15.1,1500,田,市街化調整区域,,△,調整区域につき要役場確認＝本命候補,,2026-06-14,関心:調整区域/無指定,https://akiya-bank.shizuoka.fudohsan.jp/%E7%89%A9%E4%BB%B6/154670/settle/1,不適合
空き家バンクしずおか 伊豆の国市,伊豆の国市,古家付き土地,土地＋古家/上物の表記,伊豆の国市田京,300,257.2,3.9,1500,田,市街化調整区域,,△,調整区域につき要役場確認＝本命候補,,2026-06-14,関心:調整区域/無指定,https://akiya-bank.shizuoka.fudohsan.jp/%E7%89%A9%E4%BB%B6/163205/settle/1,不適合
空き家バンクしずおか 伊豆の国市,伊豆の国市,更地,土地カテゴリ（建物表記なし）,伊豆の国市南江間,850,164.9,17.0,1500,田,市街化調整区域,,△,調整区域につき要役場確認＝本命候補,,2026-06-14,関心:調整区域/無指定,https://akiya-bank.shizuoka.fudohsan.jp/%E7%89%A9%E4%BB%B6/172110/settle/1,不適合
空き家バンクしずおか 伊豆の国市,伊豆の国市,更地,土地カテゴリ（建物表記なし）,伊豆の国市韮山山木1225-127,900,287.0,10.4,1500,田,市街化区域,,不明,接道・区分情報なし、詳細/役場で要確認,,2026-06-14,関心:無指定,https://akiya-bank.shizuoka.fudohsan.jp/%E7%89%A9%E4%BB%B6/155384/settle/1,不適合
空き家バンクしずおか 伊豆の国市,伊豆の国市,更地,土地カテゴリ（建物表記なし）,伊豆の国市奈古谷2227-107,80,495.0,0.5,1500,田,市街化調整区域,,△,調整区域につき要役場確認＝本命候補,,2026-06-14,関心:調整区域/無指定,https://akiya-bank.shizuoka.fudohsan.jp/%E7%89%A9%E4%BB%B6/144639/settle/1,適合
空き家バンクしずおか 伊豆の国市,伊豆の国市,空き家,掲載に空き家表記,伊豆の国市長岡1334-4,450,64.7,23.0,3000,田,—,,不明,接道・区分情報なし、詳細/役場で要確認,,2026-06-14,注意:管理費,https://akiya-bank.shizuoka.fudohsan.jp/%E7%89%A9%E4%BB%B6/131233/settle/1,不適合
空き家バンクしずおか 伊豆の国市,伊豆の国市,更地,土地カテゴリ（建物表記なし）,伊豆の国市古奈221-2,3750,292.8,42.3,1500,田,市街化区域,,不明,接道・区分情報なし、詳細/役場で要確認,,2026-06-14,,https://akiya-bank.shizuoka.fudohsan.jp/%E7%89%A9%E4%BB%B6/133411/settle/1,不適合
空き家バンクしずおか 伊豆の国市,伊豆の国市,更地,土地カテゴリ（建物表記なし）,伊豆の国市宗光寺,600,112.6,17.6,1500,田,市街化調整区域,,△,調整区域につき要役場確認＝本命候補,,2026-06-14,関心:調整区域/無指定,https://akiya-bank.shizuoka.fudohsan.jp/%E7%89%A9%E4%BB%B6/163522/settle/1,不適合
空き家バンクしずおか 伊豆の国市,伊豆の国市,空き家,掲載に空き家表記,伊豆の国市大仁,3200,160.6,65.9,3000,田,市街化区域,,不明,接道・区分情報なし、詳細/役場で要確認,,2026-06-14,,https://akiya-bank.shizuoka.fudohsan.jp/%E7%89%A9%E4%BB%B6/138202/settle/1,不適合
空き家バンクしずおか 伊豆の国市,伊豆の国市,空き家,掲載に空き家表記,伊豆の国市三福,250,137.2,6.0,3000,田,市街化区域,,不明,接道・区分情報なし、詳細/役場で要確認,,2026-06-14,,https://akiya-bank.shizuoka.fudohsan.jp/%E7%89%A9%E4%BB%B6/165654/settle/1,不適合
空き家バンクしずおか 伊豆の国市,伊豆の国市,古家付き土地,土地＋古家/上物の表記,伊豆の国市韮山金谷,1350,1941.6,2.3,1500,田,市街化調整区域,,△,調整区域につき要役場確認＝本命候補,,2026-06-14,関心:調整区域/無指定,https://akiya-bank.shizuoka.fudohsan.jp/%E7%89%A9%E4%BB%B6/172719/settle/1,適合
空き家バンクしずおか 伊豆の国市,伊豆の国市,更地,土地カテゴリ（建物表記なし）,伊豆の国市寺家,1800,330.9,18.0,1500,田,市街化区域,,不明,接道・区分情報なし、詳細/役場で要確認,,2026-06-14,,https://akiya-bank.shizuoka.fudohsan.jp/%E7%89%A9%E4%BB%B6/163092/settle/1,不適合
空き家バンクしずおか 伊豆の国市,伊豆の国市,空き家,掲載に空き家表記,伊豆の国市立花３丁目,75,57.7,4.3,3000,田,—,,不明,接道・区分情報なし、詳細/役場で要確認,,2026-06-14,関心:無指定 注意:管理費,https://akiya-bank.shizuoka.fudohsan.jp/%E7%89%A9%E4%BB%B6/161234/settle/1,不適合
空き家バンクしずおか 伊豆の国市,伊豆の国市,更地,土地カテゴリ（建物表記なし）,伊豆の国市天野,2200,393.0,18.5,1500,田,市街化区域,,不明,接道・区分情報なし、詳細/役場で要確認,,2026-06-14,,https://akiya-bank.shizuoka.fudohsan.jp/%E7%89%A9%E4%BB%B6/166786/settle/1,不適合
空き家バンクしずおか 伊豆の国市,伊豆の国市,更地,土地カテゴリ（建物表記なし）,伊豆の国市古奈,2480,355.6,23.1,1500,田,市街化区域,,不明,接道・区分情報なし、詳細/役場で要確認,,2026-06-14,注意:温泉,https://akiya-bank.shizuoka.fudohsan.jp/%E7%89%A9%E4%BB%B6/156379/settle/1,不適合
空き家バンクしずおか 伊豆の国市,伊豆の国市,古家付き土地,土地＋古家/上物の表記,伊豆の国市南江間1930番38,750,199.1,12.5,1500,田,市街化調整区域,,△,調整区域につき要役場確認＝本命候補,,2026-06-14,関心:調整区域/無指定,https://akiya-bank.shizuoka.fudohsan.jp/%E7%89%A9%E4%BB%B6/165994/settle/1,不適合
空き家バンクしずおか 伊豆の国市,伊豆の国市,更地,土地カテゴリ（建物表記なし）,伊豆の国市三福,250,137.2,6.0,1500,宅地,市街化区域,,不明,接道・区分情報なし、詳細/役場で要確認,,2026-06-14,,https://akiya-bank.shizuoka.fudohsan.jp/%E7%89%A9%E4%BB%B6/157921/settle/1,不適合
空き家バンクしずおか 伊豆の国市,伊豆の国市,中古戸建,中古戸建/住宅カテゴリ,伊豆の国市奈古谷,1830,102.8,58.8,3000,田,—,,不明,接道・区分情報なし、詳細/役場で要確認,,2026-06-14,関心:無指定 注意:管理費,https://akiya-bank.shizuoka.fudohsan.jp/%E7%89%A9%E4%BB%B6/164972/settle/1,不適合
空き家バンクしずおか 伊豆の国市,伊豆の国市,更地,土地カテゴリ（建物表記なし）,伊豆の国市奈古谷小松ケ原2227-215,100,1032.0,0.3,1500,田,市街化調整区域,,△,調整区域につき要役場確認＝本命候補,,2026-06-14,関心:調整区域/無指定 注意:別荘地,https://akiya-bank.shizuoka.fudohsan.jp/%E7%89%A9%E4%BB%B6/111173/settle/1,適合
空き家バンクしずおか 伊豆の国市,伊豆の国市,古家付き土地,土地＋古家/上物の表記,伊豆の国市南江間,350,153.5,7.5,1500,田,市街化調整区域,,△,調整区域につき要役場確認＝本命候補,,2026-06-14,関心:調整区域/無指定,https://akiya-bank.shizuoka.fudohsan.jp/%E7%89%A9%E4%BB%B6/162028/settle/1,不適合
空き家バンクしずおか 伊豆の国市,伊豆の国市,空き家,掲載に空き家表記,伊豆の国市大仁,1980,404.0,16.2,3000,田,市街化区域,,不明,接道・区分情報なし、詳細/役場で要確認,,2026-06-14,,https://akiya-bank.shizuoka.fudohsan.jp/%E7%89%A9%E4%BB%B6/169525/settle/1,適合
空き家バンクしずおか 伊豆の国市,伊豆の国市,更地,土地カテゴリ（建物表記なし）,伊豆の国市大仁858-2,1480,310.9,15.7,1500,田,市街化調整区域,,△,調整区域につき要役場確認＝本命候補,,2026-06-14,関心:調整区域/無指定,https://akiya-bank.shizuoka.fudohsan.jp/%E7%89%A9%E4%BB%B6/165628/settle/1,不適合
空き家バンクしずおか 伊豆の国市,伊豆の国市,更地,土地カテゴリ（建物表記なし）,伊豆の国市奈古谷,1350,416.0,10.7,1500,田,市街化区域,,不明,接道・区分情報なし、詳細/役場で要確認,,2026-06-14,関心:無指定,https://akiya-bank.shizuoka.fudohsan.jp/%E7%89%A9%E4%BB%B6/159577/settle/1,適合
空き家バンクしずおか 伊豆の国市,伊豆の国市,空き家,掲載に空き家表記,伊豆の国市長岡,2380,130.6,60.2,3000,田,—,,不明,接道・区分情報なし、詳細/役場で要確認,,2026-06-14,注意:管理費,https://akiya-bank.shizuoka.fudohsan.jp/%E7%89%A9%E4%BB%B6/170946/settle/1,不適合
空き家バンクしずおか 伊豆の国市,伊豆の国市,更地,土地カテゴリ（建物表記なし）,伊豆の国市中島38-1,4480,996.5,14.9,1500,田,市街化調整区域,,△,調整区域につき要役場確認＝本命候補,,2026-06-14,関心:調整区域/無指定,https://akiya-bank.shizuoka.fudohsan.jp/%E7%89%A9%E4%BB%B6/134602/settle/1,不適合
空き家バンクしずおか 伊豆の国市,伊豆の国市,中古戸建,中古戸建/住宅カテゴリ,伊豆の国市奈古谷,1380,225.1,20.3,3000,田,市街化区域,,不明,接道・区分情報なし、詳細/役場で要確認,,2026-06-14,関心:無指定 注意:別荘地,https://akiya-bank.shizuoka.fudohsan.jp/%E7%89%A9%E4%BB%B6/164344/settle/1,不適合
空き家バンクしずおか 伊豆の国市,伊豆の国市,更地,土地カテゴリ（建物表記なし）,伊豆の国市古奈,780,239.0,10.8,1500,田,市街化区域,,不明,接道・区分情報なし、詳細/役場で要確認,,2026-06-14,,https://akiya-bank.shizuoka.fudohsan.jp/%E7%89%A9%E4%BB%B6/164207/settle/1,不適合
空き家バンクしずおか 三島市,三島市,更地,土地カテゴリ（建物表記なし）,三島市中,5480,311.1,58.2,1500,田,市街化調整区域,,△,調整区域につき要役場確認＝本命候補,,2026-06-14,関心:調整区域/無指定,https://akiya-bank.shizuoka.fudohsan.jp/%E7%89%A9%E4%BB%B6/171479/settle/1,不適合
空き家バンクしずおか 三島市,三島市,更地,土地カテゴリ（建物表記なし）,三島市徳倉747-123,300,585.0,1.7,1500,宅地,市街化区域,,不明,接道・区分情報なし、詳細/役場で要確認,,2026-06-14,,https://akiya-bank.shizuoka.fudohsan.jp/%E7%89%A9%E4%BB%B6/166629/settle/1,適合
空き家バンクしずおか 三島市,三島市,更地,土地カテゴリ（建物表記なし）,三島市東大場２丁目,1850,261.5,23.4,1500,田,市街化調整区域,,△,調整区域につき要役場確認＝本命候補,,2026-06-14,関心:調整区域/無指定 NG:東大場,https://akiya-bank.shizuoka.fudohsan.jp/%E7%89%A9%E4%BB%B6/171665/settle/1,不適合
空き家バンクしずおか 三島市,三島市,空き家,掲載に空き家表記,三島市青木,3080,102.9,98.9,3000,田,市街化区域,,不明,接道・区分情報なし、詳細/役場で要確認,,2026-06-14,,https://akiya-bank.shizuoka.fudohsan.jp/%E7%89%A9%E4%BB%B6/173050/settle/1,不適合
空き家バンクしずおか 三島市,三島市,更地,土地カテゴリ（建物表記なし）,三島市徳倉１丁目,3698,151.1,80.9,1500,田,市街化区域,,不明,接道・区分情報なし、詳細/役場で要確認,,2026-06-14,,https://akiya-bank.shizuoka.fudohsan.jp/%E7%89%A9%E4%BB%B6/172666/settle/1,不適合
空き家バンクしずおか 三島市,三島市,更地,土地カテゴリ（建物表記なし）,三島市泉町,5180,197.6,86.7,1500,田,市街化区域,,不明,接道・区分情報なし、詳細/役場で要確認,,2026-06-14,,https://akiya-bank.shizuoka.fudohsan.jp/%E7%89%A9%E4%BB%B6/170325/settle/1,不適合
空き家バンクしずおか 三島市,三島市,空き家,掲載に空き家表記,三島市加茂川町,2490,75.0,109.8,3000,田,—,,不明,接道・区分情報なし、詳細/役場で要確認,,2026-06-14,注意:管理費,https://akiya-bank.shizuoka.fudohsan.jp/%E7%89%A9%E4%BB%B6/173657/settle/1,不適合
空き家バンクしずおか 三島市,三島市,空き家,掲載に空き家表記,三島市東町,2290,72.2,104.9,3000,田,—,,不明,接道・区分情報なし、詳細/役場で要確認,,2026-06-14,注意:管理費,https://akiya-bank.shizuoka.fudohsan.jp/%E7%89%A9%E4%BB%B6/173654/settle/1,不適合
空き家バンクしずおか 三島市,三島市,空き家,掲載に空き家表記,三島市谷田244-14，251-72,2480,94.2,87.0,3000,田,市街化区域,,不明,接道・区分情報なし、詳細/役場で要確認,,2026-06-14,,https://akiya-bank.shizuoka.fudohsan.jp/%E7%89%A9%E4%BB%B6/134748/settle/1,不適合
空き家バンクしずおか 三島市,三島市,古家付き土地,土地＋古家/上物の表記,三島市芙蓉台１丁目7-2,1280,231.4,18.3,1500,宅地,市街化区域,,不明,接道・区分情報なし、詳細/役場で要確認,,2026-06-14,,https://akiya-bank.shizuoka.fudohsan.jp/%E7%89%A9%E4%BB%B6/99913/settle/1,不適合
空き家バンクしずおか 三島市,三島市,空き家,掲載に空き家表記,三島市藤代町3-8,2880,106.6,89.3,3000,田,市街化区域,,不明,接道・区分情報なし、詳細/役場で要確認,,2026-06-14,,https://akiya-bank.shizuoka.fudohsan.jp/%E7%89%A9%E4%BB%B6/173944/settle/1,不適合
空き家バンクしずおか 三島市,三島市,空き家,掲載に空き家表記,三島市藤代町3-8,2880,108.3,87.9,3000,田,市街化区域,,不明,接道・区分情報なし、詳細/役場で要確認,,2026-06-14,,https://akiya-bank.shizuoka.fudohsan.jp/%E7%89%A9%E4%BB%B6/173943/settle/1,不適合
空き家バンクしずおか 三島市,三島市,空き家,掲載に空き家表記,三島市新谷23-5,3180,201.1,52.3,3000,田,市街化区域,,不明,接道・区分情報なし、詳細/役場で要確認,,2026-06-14,,https://akiya-bank.shizuoka.fudohsan.jp/%E7%89%A9%E4%BB%B6/173929/settle/1,不適合
空き家バンクしずおか 三島市,三島市,更地,土地カテゴリ（建物表記なし）,三島市谷田,480,104.1,15.2,1500,宅地,市街化区域,,不明,接道・区分情報なし、詳細/役場で要確認,,2026-06-14,,https://akiya-bank.shizuoka.fudohsan.jp/%E7%89%A9%E4%BB%B6/171025/settle/1,不適合
空き家バンクしずおか 三島市,三島市,空き家,掲載に空き家表記,三島市東町7-34,1780,120.5,48.8,3000,田,市街化区域,,不明,接道・区分情報なし、詳細/役場で要確認,,2026-06-14,,https://akiya-bank.shizuoka.fudohsan.jp/%E7%89%A9%E4%BB%B6/170629/settle/1,不適合
空き家バンクしずおか 三島市,三島市,古家付き土地,土地＋古家/上物の表記,三島市旭ヶ丘,1480,166.7,29.3,1500,宅地,市街化区域,,不明,接道・区分情報なし、詳細/役場で要確認,,2026-06-14,,https://akiya-bank.shizuoka.fudohsan.jp/%E7%89%A9%E4%BB%B6/169641/settle/1,不適合
空き家バンクしずおか 三島市,三島市,更地,土地カテゴリ（建物表記なし）,三島市大社町1-6,4280,113.1,125.1,1500,田,市街化区域,,不明,接道・区分情報なし、詳細/役場で要確認,,2026-06-14,,https://akiya-bank.shizuoka.fudohsan.jp/%E7%89%A9%E4%BB%B6/173871/settle/1,不適合
空き家バンクしずおか 三島市,三島市,更地,土地カテゴリ（建物表記なし）,三島市徳倉４丁目,1280,314.9,13.4,1500,田,市街化区域,,不明,接道・区分情報なし、詳細/役場で要確認,,2026-06-14,,https://akiya-bank.shizuoka.fudohsan.jp/%E7%89%A9%E4%BB%B6/173520/settle/1,不適合
空き家バンクしずおか 三島市,三島市,更地,土地カテゴリ（建物表記なし）,三島市徳倉１丁目,4000,431.6,30.6,1500,田,市街化区域,,不明,接道・区分情報なし、詳細/役場で要確認,,2026-06-14,,https://akiya-bank.shizuoka.fudohsan.jp/%E7%89%A9%E4%BB%B6/173838/settle/1,不適合
空き家バンクしずおか 三島市,三島市,更地,土地カテゴリ（建物表記なし）,三島市大場1086-314,400,305.0,4.3,1500,田,市街化調整区域,,△,調整区域につき要役場確認＝本命候補,,2026-06-14,関心:調整区域/無指定,https://akiya-bank.shizuoka.fudohsan.jp/%E7%89%A9%E4%BB%B6/114936/settle/1,不適合
空き家バンクしずおか 三島市,三島市,更地,土地カテゴリ（建物表記なし）,三島市谷田1345-50,1500,299.1,16.6,1500,田,市街化区域,,不明,接道・区分情報なし、詳細/役場で要確認,,2026-06-14,,https://akiya-bank.shizuoka.fudohsan.jp/%E7%89%A9%E4%BB%B6/93876/settle/1,不適合
空き家バンクしずおか 三島市,三島市,空き家,掲載に空き家表記,三島市芙蓉台２丁目6-7,2490,396.1,20.8,3000,宅地,市街化区域,,不明,接道・区分情報なし、詳細/役場で要確認,,2026-06-14,,https://akiya-bank.shizuoka.fudohsan.jp/%E7%89%A9%E4%BB%B6/144606/settle/1,適合
空き家バンクしずおか 三島市,三島市,古家付き土地,土地＋古家/上物の表記,三島市萩,750,177.0,14.0,1500,宅地,市街化区域,,不明,接道・区分情報なし、詳細/役場で要確認,,2026-06-14,,https://akiya-bank.shizuoka.fudohsan.jp/%E7%89%A9%E4%BB%B6/165185/settle/1,不適合
空き家バンクしずおか 三島市,三島市,空き家,掲載に空き家表記,三島市南二日町27-20,2280,63.1,119.4,3000,田,—,,不明,接道・区分情報なし、詳細/役場で要確認,,2026-06-14,注意:管理費,https://akiya-bank.shizuoka.fudohsan.jp/%E7%89%A9%E4%BB%B6/173544/settle/1,不適合
空き家バンクしずおか 三島市,三島市,空き家,掲載に空き家表記,三島市南二日町,1850,167.8,36.4,3000,田,市街化区域,,不明,接道・区分情報なし、詳細/役場で要確認,,2026-06-14,,https://akiya-bank.shizuoka.fudohsan.jp/%E7%89%A9%E4%BB%B6/169320/settle/1,不適合
空き家バンクしずおか 三島市,三島市,更地,土地カテゴリ（建物表記なし）,三島市佐野57-1,1980,1083.6,6.0,1500,田,市街化調整区域,,△,調整区域につき要役場確認＝本命候補,,2026-06-14,関心:調整区域/無指定,https://akiya-bank.shizuoka.fudohsan.jp/%E7%89%A9%E4%BB%B6/172256/settle/1,不適合
空き家バンクしずおか 三島市,三島市,空き家,掲載に空き家表記,三島市若松町4624-1,1850,101.6,60.2,3000,宅地,—,,不明,接道・区分情報なし、詳細/役場で要確認,,2026-06-14,注意:管理費,https://akiya-bank.shizuoka.fudohsan.jp/%E7%89%A9%E4%BB%B6/165606/settle/1,不適合
空き家バンクしずおか 三島市,三島市,空き家,掲載に空き家表記,三島市新谷,3180,201.1,52.3,3000,田,市街化区域,,不明,接道・区分情報なし、詳細/役場で要確認,,2026-06-14,,https://akiya-bank.shizuoka.fudohsan.jp/%E7%89%A9%E4%BB%B6/167996/settle/1,不適合
空き家バンクしずおか 三島市,三島市,中古戸建,中古戸建/住宅カテゴリ,三島市西若町6-5,1880,77.3,80.4,3000,田,—,,不明,接道・区分情報なし、詳細/役場で要確認,,2026-06-14,注意:管理費,https://akiya-bank.shizuoka.fudohsan.jp/%E7%89%A9%E4%BB%B6/173371/settle/1,不適合
空き家バンクしずおか 三島市,三島市,更地,土地カテゴリ（建物表記なし）,三島市大場246-18,1990,172.4,38.2,1500,田,市街化区域,,不明,接道・区分情報なし、詳細/役場で要確認,,2026-06-14,,https://akiya-bank.shizuoka.fudohsan.jp/%E7%89%A9%E4%BB%B6/168503/settle/1,不適合
空き家バンクしずおか 三島市,三島市,空き家,掲載に空き家表記,三島市東本町１丁目,4980,264.5,62.2,3000,田,市街化区域,,不明,接道・区分情報なし、詳細/役場で要確認,,2026-06-14,,https://akiya-bank.shizuoka.fudohsan.jp/%E7%89%A9%E4%BB%B6/170941/settle/1,不適合
空き家バンクしずおか 三島市,三島市,古家付き土地,土地＋古家/上物の表記,三島市東本町１丁目,4980,264.5,62.2,1500,田,市街化区域,,不明,接道・区分情報なし、詳細/役場で要確認,,2026-06-14,,https://akiya-bank.shizuoka.fudohsan.jp/%E7%89%A9%E4%BB%B6/170940/settle/1,不適合
空き家バンクしずおか 三島市,三島市,空き家,掲載に空き家表記,三島市佐野見晴台２丁目,1380,207.1,22.0,3000,田,市街化調整区域,,△,調整区域につき要役場確認＝本命候補,,2026-06-14,関心:調整区域/無指定,https://akiya-bank.shizuoka.fudohsan.jp/%E7%89%A9%E4%BB%B6/173186/settle/1,不適合
空き家バンクしずおか 三島市,三島市,古家付き土地,土地＋古家/上物の表記,三島市大場,1050,286.8,12.1,1500,田,市街化調整区域,,△,調整区域につき要役場確認＝本命候補,,2026-06-14,関心:調整区域/無指定,https://akiya-bank.shizuoka.fudohsan.jp/%E7%89%A9%E4%BB%B6/139588/settle/1,不適合
空き家バンクしずおか 三島市,三島市,更地,土地カテゴリ（建物表記なし）,三島市谷田251-17,1530,142.4,35.5,1500,宅地,市街化区域,,不明,接道・区分情報なし、詳細/役場で要確認,,2026-06-14,,https://akiya-bank.shizuoka.fudohsan.jp/%E7%89%A9%E4%BB%B6/154213/settle/1,不適合
空き家バンクしずおか 三島市,三島市,古家付き土地,土地＋古家/上物の表記,三島市徳倉３丁目500－3,780,200.0,12.9,1500,田,市街化調整区域,,△,調整区域につき要役場確認＝本命候補,,2026-06-14,関心:調整区域/無指定,https://akiya-bank.shizuoka.fudohsan.jp/%E7%89%A9%E4%BB%B6/133995/settle/1,不適合
空き家バンクしずおか 三島市,三島市,更地,土地カテゴリ（建物表記なし）,三島市文教町２丁目,1800,170.1,35.0,1500,田,市街化区域,,不明,接道・区分情報なし、詳細/役場で要確認,,2026-06-14,,https://akiya-bank.shizuoka.fudohsan.jp/%E7%89%A9%E4%BB%B6/156680/settle/1,不適合
空き家バンクしずおか 三島市,三島市,更地,土地カテゴリ（建物表記なし）,三島市徳倉４丁目20-28,780,110.2,23.4,1500,田,市街化区域,,不明,接道・区分情報なし、詳細/役場で要確認,,2026-06-14,,https://akiya-bank.shizuoka.fudohsan.jp/%E7%89%A9%E4%BB%B6/145097/settle/1,不適合
空き家バンクしずおか 三島市,三島市,更地,土地カテゴリ（建物表記なし）,三島市若松町4298-7,880,106.4,27.3,1500,宅地,市街化区域,,不明,接道・区分情報なし、詳細/役場で要確認,,2026-06-14,,https://akiya-bank.shizuoka.fudohsan.jp/%E7%89%A9%E4%BB%B6/166515/settle/1,不適合
空き家バンクしずおか 三島市,三島市,空き家,掲載に空き家表記,"三島市青木381-16,15,14",1300,136.7,31.4,3000,田,市街化区域,,不明,接道・区分情報なし、詳細/役場で要確認,,2026-06-14,,https://akiya-bank.shizuoka.fudohsan.jp/%E7%89%A9%E4%BB%B6/172783/settle/1,不適合
空き家バンクしずおか 三島市,三島市,空き家,掲載に空き家表記,三島市若松町,1450,57.3,83.7,3000,田,—,,不明,接道・区分情報なし、詳細/役場で要確認,,2026-06-14,注意:管理費,https://akiya-bank.shizuoka.fudohsan.jp/%E7%89%A9%E4%BB%B6/172473/settle/1,不適合
空き家バンクしずおか 三島市,三島市,更地,土地カテゴリ（建物表記なし）,三島市東本町２丁目,3880,103.7,123.7,1500,田,市街化区域,,不明,接道・区分情報なし、詳細/役場で要確認,,2026-06-14,,https://akiya-bank.shizuoka.fudohsan.jp/%E7%89%A9%E4%BB%B6/122539/settle/1,不適合
空き家バンクしずおか 三島市,三島市,更地,土地カテゴリ（建物表記なし）,三島市佐野見晴台１丁目1-1,3800,680.5,18.5,1500,田,市街化調整区域,,△,調整区域につき要役場確認＝本命候補,,2026-06-14,関心:調整区域/無指定,https://akiya-bank.shizuoka.fudohsan.jp/%E7%89%A9%E4%BB%B6/56082/settle/1,不適合
空き家バンクしずおか 三島市,三島市,更地,土地カテゴリ（建物表記なし）,三島市谷田1159-297,3500,490.1,23.6,1500,宅地,市街化区域,,不明,接道・区分情報なし、詳細/役場で要確認,,2026-06-14,,https://akiya-bank.shizuoka.fudohsan.jp/%E7%89%A9%E4%BB%B6/171724/settle/1,不適合
空き家バンクしずおか 三島市,三島市,更地,土地カテゴリ（建物表記なし）,三島市梅名608-4,8500,617.9,45.5,1500,宅地,市街化調整区域,,△,調整区域につき要役場確認＝本命候補,,2026-06-14,関心:調整区域,https://akiya-bank.shizuoka.fudohsan.jp/%E7%89%A9%E4%BB%B6/143019/settle/1,不適合
空き家バンクしずおか 三島市,三島市,古家付き土地,土地＋古家/上物の表記,三島市萩571,750,177.0,14.0,1500,宅地,市街化区域,,不明,接道・区分情報なし、詳細/役場で要確認,,2026-06-14,,https://akiya-bank.shizuoka.fudohsan.jp/%E7%89%A9%E4%BB%B6/148264/settle/1,不適合
空き家バンクしずおか 三島市,三島市,更地,土地カテゴリ（建物表記なし）,三島市富士ビレッジ,895,99.3,29.8,1500,宅地,市街化区域,,不明,接道・区分情報なし、詳細/役場で要確認,,2026-06-14,,https://akiya-bank.shizuoka.fudohsan.jp/%E7%89%A9%E4%BB%B6/172358/settle/1,不適合
空き家バンクしずおか 三島市,三島市,空き家,掲載に空き家表記,三島市川原ケ谷,750,129.6,19.1,3000,田,市街化調整区域,,△,調整区域につき要役場確認＝本命候補,,2026-06-14,関心:調整区域/無指定,https://akiya-bank.shizuoka.fudohsan.jp/%E7%89%A9%E4%BB%B6/167349/settle/1,不適合
空き家バンクしずおか 三島市,三島市,更地,土地カテゴリ（建物表記なし）,三島市谷田1159-7,1580,243.5,21.5,1500,宅地,市街化区域,,不明,接道・区分情報なし、詳細/役場で要確認,,2026-06-14,,https://akiya-bank.shizuoka.fudohsan.jp/%E7%89%A9%E4%BB%B6/163946/settle/1,不適合
空き家バンクしずおか 三島市,三島市,更地,土地カテゴリ（建物表記なし）,三島市芙蓉台１丁目,900,225.0,13.2,1500,宅地,市街化区域,,不明,接道・区分情報なし、詳細/役場で要確認,,2026-06-14,,https://akiya-bank.shizuoka.fudohsan.jp/%E7%89%A9%E4%BB%B6/171928/settle/1,不適合
空き家バンクしずおか 三島市,三島市,更地,土地カテゴリ（建物表記なし）,三島市大場,880,463.4,6.3,1500,田,市街化調整区域,,△,調整区域につき要役場確認＝本命候補,,2026-06-14,関心:調整区域/無指定,https://akiya-bank.shizuoka.fudohsan.jp/%E7%89%A9%E4%BB%B6/169694/settle/1,適合
空き家バンクしずおか 三島市,三島市,古家付き土地,土地＋古家/上物の表記,三島市若松町4402-1,11000,2855.2,12.7,1500,宅地,市街化区域,,不明,接道・区分情報なし、詳細/役場で要確認,,2026-06-14,,https://akiya-bank.shizuoka.fudohsan.jp/%E7%89%A9%E4%BB%B6/125787/settle/1,不適合
空き家バンクしずおか 三島市,三島市,更地,土地カテゴリ（建物表記なし）,三島市大宮町２丁目,33000,1904.2,57.3,1500,田,市街化区域,,不明,接道・区分情報なし、詳細/役場で要確認,,2026-06-14,,https://akiya-bank.shizuoka.fudohsan.jp/%E7%89%A9%E4%BB%B6/171320/settle/1,不適合
空き家バンクしずおか 沼津市,沼津市,空き家,掲載に空き家表記,沼津市東熊堂362,2790,130.7,70.6,3000,田,市街化区域,,不明,接道・区分情報なし、詳細/役場で要確認,,2026-06-17,,https://akiya-bank.shizuoka.fudohsan.jp/%E7%89%A9%E4%BB%B6/170197/settle/1,不適合
空き家バンクしずおか 沼津市,沼津市,空き家,掲載に空き家表記,沼津市本錦町648-1,190,26.2,24.0,3000,田,—,,不明,接道・区分情報なし、詳細/役場で要確認,,2026-06-14,注意:管理費,https://akiya-bank.shizuoka.fudohsan.jp/%E7%89%A9%E4%BB%B6/164375/settle/1,不適合
空き家バンクしずおか 沼津市,沼津市,更地,土地カテゴリ（建物表記なし）,沼津市吉田町28-22,1550,193.3,26.5,1500,田,市街化区域,,不明,接道・区分情報なし、詳細/役場で要確認,,2026-06-14,,https://akiya-bank.shizuoka.fudohsan.jp/%E7%89%A9%E4%BB%B6/142450/settle/1,不適合
空き家バンクしずおか 沼津市,沼津市,更地,土地カテゴリ（建物表記なし）,沼津市東椎路,8000,1161.0,22.8,1500,田,市街化区域,,不明,接道・区分情報なし、詳細/役場で要確認,,2026-06-14,,https://akiya-bank.shizuoka.fudohsan.jp/%E7%89%A9%E4%BB%B6/152187/settle/1,不適合
空き家バンクしずおか 沼津市,沼津市,更地,土地カテゴリ（建物表記なし）,沼津市原町中３丁目,1420,194.4,24.1,1500,田,市街化区域,,不明,接道・区分情報なし、詳細/役場で要確認,,2026-06-14,,https://akiya-bank.shizuoka.fudohsan.jp/%E7%89%A9%E4%BB%B6/164627/settle/1,不適合
空き家バンクしずおか 沼津市,沼津市,更地,土地カテゴリ（建物表記なし）,沼津市東椎路1303-37,850,115.7,24.3,1500,宅地,市街化区域,,不明,接道・区分情報なし、詳細/役場で要確認,,2026-06-14,,https://akiya-bank.shizuoka.fudohsan.jp/%E7%89%A9%E4%BB%B6/142640/settle/1,不適合
空き家バンクしずおか 沼津市,沼津市,空き家,掲載に空き家表記,沼津市東椎路,3680,301.0,40.4,3000,田,市街化区域,,不明,接道・区分情報なし、詳細/役場で要確認,,2026-06-14,,https://akiya-bank.shizuoka.fudohsan.jp/%E7%89%A9%E4%BB%B6/170101/settle/1,不適合
空き家バンクしずおか 沼津市,沼津市,更地,土地カテゴリ（建物表記なし）,沼津市大岡,2480,124.4,65.9,1500,田,市街化区域,,不明,接道・区分情報なし、詳細/役場で要確認,,2026-06-14,,https://akiya-bank.shizuoka.fudohsan.jp/%E7%89%A9%E4%BB%B6/173879/settle/1,不適合
空き家バンクしずおか 沼津市,沼津市,更地,土地カテゴリ（建物表記なし）,沼津市岡宮,4080,165.7,81.4,1500,宅地,市街化区域,,不明,接道・区分情報なし、詳細/役場で要確認,,2026-06-14,,https://akiya-bank.shizuoka.fudohsan.jp/%E7%89%A9%E4%BB%B6/169399/settle/1,不適合
空き家バンクしずおか 沼津市,沼津市,空き家,掲載に空き家表記,沼津市大塚,2280,186.6,40.4,3000,田,市街化区域,,不明,接道・区分情報なし、詳細/役場で要確認,,2026-06-14,,https://akiya-bank.shizuoka.fudohsan.jp/%E7%89%A9%E4%BB%B6/172670/settle/1,不適合
空き家バンクしずおか 沼津市,沼津市,更地,土地カテゴリ（建物表記なし）,沼津市大岡,4180,184.4,74.9,1500,田,市街化区域,,不明,接道・区分情報なし、詳細/役場で要確認,,2026-06-14,,https://akiya-bank.shizuoka.fudohsan.jp/%E7%89%A9%E4%BB%B6/172791/settle/1,不適合
空き家バンクしずおか 沼津市,沼津市,更地,土地カテゴリ（建物表記なし）,沼津市大岡,3980,123.8,106.3,1500,田,市街化区域,,不明,接道・区分情報なし、詳細/役場で要確認,,2026-06-14,,https://akiya-bank.shizuoka.fudohsan.jp/%E7%89%A9%E4%BB%B6/173552/settle/1,不適合
空き家バンクしずおか 沼津市,沼津市,更地,土地カテゴリ（建物表記なし）,沼津市今沢110-1,1800,330.2,18.0,1500,田,市街化区域,,不明,接道・区分情報なし、詳細/役場で要確認,,2026-06-14,,https://akiya-bank.shizuoka.fudohsan.jp/%E7%89%A9%E4%BB%B6/144010/settle/1,不適合
空き家バンクしずおか 沼津市,沼津市,古家付き土地,土地＋古家/上物の表記,沼津市下香貫猪沼,380,148.2,8.5,1500,田,市街化区域,,不明,接道・区分情報なし、詳細/役場で要確認,,2026-06-14,,https://akiya-bank.shizuoka.fudohsan.jp/%E7%89%A9%E4%BB%B6/159153/settle/1,不適合
空き家バンクしずおか 沼津市,沼津市,空き家,掲載に空き家表記,沼津市沢田町7-13,2830,160.3,58.4,3000,田,市街化区域,,不明,接道・区分情報なし、詳細/役場で要確認,,2026-06-14,,https://akiya-bank.shizuoka.fudohsan.jp/%E7%89%A9%E4%BB%B6/170110/settle/1,不適合
空き家バンクしずおか 沼津市,沼津市,空き家,掲載に空き家表記,沼津市沢田町7-13,2990,148.3,66.7,3000,田,市街化区域,,不明,接道・区分情報なし、詳細/役場で要確認,,2026-06-14,,https://akiya-bank.shizuoka.fudohsan.jp/%E7%89%A9%E4%BB%B6/170198/settle/1,不適合
空き家バンクしずおか 沼津市,沼津市,空き家,掲載に空き家表記,沼津市本松下845-3,2490,197.6,41.7,3000,田,市街化区域,,不明,接道・区分情報なし、詳細/役場で要確認,,2026-06-14,,https://akiya-bank.shizuoka.fudohsan.jp/%E7%89%A9%E4%BB%B6/174104/settle/1,不適合
空き家バンクしずおか 沼津市,沼津市,空き家,掲載に空き家表記,沼津市本松下845-3,2590,201.6,42.5,3000,田,市街化区域,,不明,接道・区分情報なし、詳細/役場で要確認,,2026-06-14,,https://akiya-bank.shizuoka.fudohsan.jp/%E7%89%A9%E4%BB%B6/174107/settle/1,不適合
空き家バンクしずおか 沼津市,沼津市,空き家,掲載に空き家表記,沼津市本松下845-3,2690,187.4,47.5,3000,田,市街化区域,,不明,接道・区分情報なし、詳細/役場で要確認,,2026-06-14,,https://akiya-bank.shizuoka.fudohsan.jp/%E7%89%A9%E4%BB%B6/174110/settle/1,不適合
空き家バンクしずおか 沼津市,沼津市,空き家,掲載に空き家表記,沼津市本松下845-3,2690,187.4,47.5,3000,田,市街化区域,,不明,接道・区分情報なし、詳細/役場で要確認,,2026-06-14,,https://akiya-bank.shizuoka.fudohsan.jp/%E7%89%A9%E4%BB%B6/174111/settle/1,不適合
空き家バンクしずおか 沼津市,沼津市,空き家,掲載に空き家表記,沼津市大岡,1050,98.4,35.3,3000,田,市街化区域,,不明,接道・区分情報なし、詳細/役場で要確認,,2026-06-14,,https://akiya-bank.shizuoka.fudohsan.jp/%E7%89%A9%E4%BB%B6/165748/settle/1,不適合
空き家バンクしずおか 沼津市,沼津市,更地,土地カテゴリ（建物表記なし）,沼津市岡宮,1600,198.0,26.7,1500,田,市街化区域,,不明,接道・区分情報なし、詳細/役場で要確認,,2026-06-14,,https://akiya-bank.shizuoka.fudohsan.jp/%E7%89%A9%E4%BB%B6/171541/settle/1,不適合
空き家バンクしずおか 沼津市,沼津市,古家付き土地,土地＋古家/上物の表記,沼津市下香貫上障子384-1,1150,230.0,16.5,1500,田,市街化区域,,不明,接道・区分情報なし、詳細/役場で要確認,,2026-06-14,,https://akiya-bank.shizuoka.fudohsan.jp/%E7%89%A9%E4%BB%B6/153490/settle/1,不適合
空き家バンクしずおか 沼津市,沼津市,更地,土地カテゴリ（建物表記なし）,沼津市志下551-1,1000,378.6,8.7,1500,田,市街化調整区域,,△,調整区域につき要役場確認＝本命候補,,2026-06-14,関心:調整区域/無指定,https://akiya-bank.shizuoka.fudohsan.jp/%E7%89%A9%E4%BB%B6/88488/settle/1,適合
空き家バンクしずおか 沼津市,沼津市,更地,土地カテゴリ（建物表記なし）,沼津市高島町22－18,1350,49.1,90.9,1500,田,市街化区域,,不明,接道・区分情報なし、詳細/役場で要確認,,2026-06-14,,https://akiya-bank.shizuoka.fudohsan.jp/%E7%89%A9%E4%BB%B6/118917/settle/1,不適合
空き家バンクしずおか 沼津市,沼津市,古家付き土地,土地＋古家/上物の表記,沼津市大岡2223-16,1490,123.8,39.8,1500,田,市街化区域,,不明,接道・区分情報なし、詳細/役場で要確認,,2026-06-14,,https://akiya-bank.shizuoka.fudohsan.jp/%E7%89%A9%E4%BB%B6/152681/settle/1,不適合
空き家バンクしずおか 沼津市,沼津市,空き家,掲載に空き家表記,沼津市大岡,2090,65.0,106.3,3000,田,—,,不明,接道・区分情報なし、詳細/役場で要確認,,2026-06-14,注意:管理費,https://akiya-bank.shizuoka.fudohsan.jp/%E7%89%A9%E4%BB%B6/173660/settle/1,不適合
空き家バンクしずおか 沼津市,沼津市,空き家,掲載に空き家表記,沼津市高沢町,3190,77.5,136.1,3000,田,—,,不明,接道・区分情報なし、詳細/役場で要確認,,2026-06-14,注意:管理費,https://akiya-bank.shizuoka.fudohsan.jp/%E7%89%A9%E4%BB%B6/173659/settle/1,不適合
空き家バンクしずおか 沼津市,沼津市,空き家,掲載に空き家表記,沼津市高島町,1550,83.0,61.7,3000,田,—,,不明,接道・区分情報なし、詳細/役場で要確認,,2026-06-14,注意:管理費,https://akiya-bank.shizuoka.fudohsan.jp/%E7%89%A9%E4%BB%B6/173652/settle/1,不適合
空き家バンクしずおか 沼津市,沼津市,空き家,掲載に空き家表記,沼津市上土町,2590,77.4,110.6,3000,田,—,,不明,接道・区分情報なし、詳細/役場で要確認,,2026-06-14,注意:管理費,https://akiya-bank.shizuoka.fudohsan.jp/%E7%89%A9%E4%BB%B6/173650/settle/1,不適合
空き家バンクしずおか 沼津市,沼津市,古家付き土地,土地＋古家/上物の表記,沼津市下香貫,1480,281.8,17.4,1500,宅地,市街化区域,,不明,接道・区分情報なし、詳細/役場で要確認,,2026-06-14,,https://akiya-bank.shizuoka.fudohsan.jp/%E7%89%A9%E4%BB%B6/167912/settle/1,不適合
空き家バンクしずおか 沼津市,沼津市,古家付き土地,土地＋古家/上物の表記,沼津市西条町,780,68.0,37.9,1500,田,市街化区域,,不明,接道・区分情報なし、詳細/役場で要確認,,2026-06-14,,https://akiya-bank.shizuoka.fudohsan.jp/%E7%89%A9%E4%BB%B6/171371/settle/1,不適合
空き家バンクしずおか 沼津市,沼津市,更地,土地カテゴリ（建物表記なし）,沼津市平町,1600,121.2,43.6,1500,田,市街化区域,,不明,接道・区分情報なし、詳細/役場で要確認,,2026-06-14,,https://akiya-bank.shizuoka.fudohsan.jp/%E7%89%A9%E4%BB%B6/158796/settle/1,不適合
空き家バンクしずおか 沼津市,沼津市,古家付き土地,土地＋古家/上物の表記,沼津市東沢田,1700,190.0,29.6,1500,田,市街化区域,,不明,接道・区分情報なし、詳細/役場で要確認,,2026-06-14,,https://akiya-bank.shizuoka.fudohsan.jp/%E7%89%A9%E4%BB%B6/158909/settle/1,不適合
空き家バンクしずおか 沼津市,沼津市,空き家,掲載に空き家表記,沼津市下河原町１丁目,1380,58.4,78.1,3000,田,市街化区域,,不明,接道・区分情報なし、詳細/役場で要確認,,2026-06-14,,https://akiya-bank.shizuoka.fudohsan.jp/%E7%89%A9%E4%BB%B6/169093/settle/1,不適合
空き家バンクしずおか 沼津市,沼津市,古家付き土地,土地＋古家/上物の表記,沼津市鳥谷,1000,446.3,7.4,1500,田,市街化区域,,不明,接道・区分情報なし、詳細/役場で要確認,,2026-06-14,,https://akiya-bank.shizuoka.fudohsan.jp/%E7%89%A9%E4%BB%B6/170967/settle/1,適合
空き家バンクしずおか 沼津市,沼津市,更地,土地カテゴリ（建物表記なし）,沼津市足高,900,184.8,16.1,1500,田,市街化区域,,不明,接道・区分情報なし、詳細/役場で要確認,,2026-06-14,,https://akiya-bank.shizuoka.fudohsan.jp/%E7%89%A9%E4%BB%B6/173984/settle/1,不適合
空き家バンクしずおか 沼津市,沼津市,更地,土地カテゴリ（建物表記なし）,沼津市原町中１丁目5-14,750,128.0,19.4,1500,田,市街化区域,,不明,接道・区分情報なし、詳細/役場で要確認,,2026-06-14,,https://akiya-bank.shizuoka.fudohsan.jp/%E7%89%A9%E4%BB%B6/152698/settle/1,不適合
空き家バンクしずおか 沼津市,沼津市,更地,土地カテゴリ（建物表記なし）,沼津市今沢689-39,1100,193.2,18.8,1500,田,市街化区域,,不明,接道・区分情報なし、詳細/役場で要確認,,2026-06-14,,https://akiya-bank.shizuoka.fudohsan.jp/%E7%89%A9%E4%BB%B6/153833/settle/1,不適合
空き家バンクしずおか 沼津市,沼津市,空き家,掲載に空き家表記,沼津市上土町,1980,71.2,91.9,3000,田,—,,不明,接道・区分情報なし、詳細/役場で要確認,,2026-06-14,注意:管理費,https://akiya-bank.shizuoka.fudohsan.jp/%E7%89%A9%E4%BB%B6/166745/settle/1,不適合
空き家バンクしずおか 沼津市,沼津市,更地,土地カテゴリ（建物表記なし）,沼津市中瀬町190番,3588,339.0,35.0,1500,田,市街化区域,,不明,接道・区分情報なし、詳細/役場で要確認,,2026-06-14,,https://akiya-bank.shizuoka.fudohsan.jp/%E7%89%A9%E4%BB%B6/162675/settle/1,不適合
空き家バンクしずおか 沼津市,沼津市,古家付き土地,土地＋古家/上物の表記,沼津市下香貫藤井原,880,107.4,27.1,1500,田,市街化区域,,不明,接道・区分情報なし、詳細/役場で要確認,,2026-06-14,,https://akiya-bank.shizuoka.fudohsan.jp/%E7%89%A9%E4%BB%B6/159854/settle/1,不適合
空き家バンクしずおか 沼津市,沼津市,更地,土地カテゴリ（建物表記なし）,沼津市本郷町8-12　(1)号地,1300,158.9,27.0,1500,宅地,市街化区域,,不明,接道・区分情報なし、詳細/役場で要確認,,2026-06-14,,https://akiya-bank.shizuoka.fudohsan.jp/%E7%89%A9%E4%BB%B6/169697/settle/1,不適合
空き家バンクしずおか 沼津市,沼津市,空き家,掲載に空き家表記,沼津市大岡,2180,240.5,30.0,3000,田,市街化区域,,不明,接道・区分情報なし、詳細/役場で要確認,,2026-06-14,,https://akiya-bank.shizuoka.fudohsan.jp/%E7%89%A9%E4%BB%B6/173874/settle/1,不適合
空き家バンクしずおか 沼津市,沼津市,古家付き土地,土地＋古家/上物の表記,沼津市下香貫八重,990,147.6,22.2,1500,宅地,市街化区域,,不明,接道・区分情報なし、詳細/役場で要確認,,2026-06-14,,https://akiya-bank.shizuoka.fudohsan.jp/%E7%89%A9%E4%BB%B6/173873/settle/1,不適合
空き家バンクしずおか 沼津市,沼津市,空き家,掲載に空き家表記,沼津市岡宮,1980,122.3,53.5,3000,田,市街化区域,,不明,接道・区分情報なし、詳細/役場で要確認,,2026-06-14,,https://akiya-bank.shizuoka.fudohsan.jp/%E7%89%A9%E4%BB%B6/173849/settle/1,不適合
空き家バンクしずおか 沼津市,沼津市,古家付き土地,土地＋古家/上物の表記,沼津市西間門274-3,800,199.1,13.3,1500,田,市街化区域,,不明,接道・区分情報なし、詳細/役場で要確認,,2026-06-14,,https://akiya-bank.shizuoka.fudohsan.jp/%E7%89%A9%E4%BB%B6/159985/settle/1,不適合
空き家バンクしずおか 沼津市,沼津市,更地,土地カテゴリ（建物表記なし）,沼津市西熊堂,760,95.0,26.4,1500,田,市街化区域,,不明,接道・区分情報なし、詳細/役場で要確認,,2026-06-14,,https://akiya-bank.shizuoka.fudohsan.jp/%E7%89%A9%E4%BB%B6/160049/settle/1,不適合
空き家バンクしずおか 沼津市,沼津市,古家付き土地,土地＋古家/上物の表記,沼津市原293番2,1080,277.8,12.9,1500,田,市街化区域,,不明,接道・区分情報なし、詳細/役場で要確認,,2026-06-14,,https://akiya-bank.shizuoka.fudohsan.jp/%E7%89%A9%E4%BB%B6/130777/settle/1,不適合
空き家バンクしずおか 沼津市,沼津市,古家付き土地,土地＋古家/上物の表記,沼津市大諏訪747-6,950,132.2,23.8,1500,田,市街化区域,,不明,接道・区分情報なし、詳細/役場で要確認,,2026-06-14,,https://akiya-bank.shizuoka.fudohsan.jp/%E7%89%A9%E4%BB%B6/148690/settle/1,不適合
空き家バンクしずおか 沼津市,沼津市,空き家,掲載に空き家表記,沼津市白銀町,4180,100.1,138.0,3000,田,市街化区域,,不明,接道・区分情報なし、詳細/役場で要確認,,2026-06-14,,https://akiya-bank.shizuoka.fudohsan.jp/%E7%89%A9%E4%BB%B6/168204/settle/1,不適合
空き家バンクしずおか 沼津市,沼津市,更地,土地カテゴリ（建物表記なし）,沼津市本字千本郷林,1330,284.8,15.4,1500,田,市街化区域,,不明,接道・区分情報なし、詳細/役場で要確認,,2026-06-14,,https://akiya-bank.shizuoka.fudohsan.jp/%E7%89%A9%E4%BB%B6/171132/settle/1,不適合
空き家バンクしずおか 沼津市,沼津市,更地,土地カテゴリ（建物表記なし）,沼津市新沢田町8-22,2580,136.8,62.3,1500,田,市街化区域,,不明,接道・区分情報なし、詳細/役場で要確認,,2026-06-14,,https://akiya-bank.shizuoka.fudohsan.jp/%E7%89%A9%E4%BB%B6/153203/settle/1,不適合
空き家バンクしずおか 沼津市,沼津市,古家付き土地,土地＋古家/上物の表記,沼津市住吉町1－8,1000,127.3,26.0,1500,宅地,市街化区域,,不明,接道・区分情報なし、詳細/役場で要確認,,2026-06-14,,https://akiya-bank.shizuoka.fudohsan.jp/%E7%89%A9%E4%BB%B6/146838/settle/1,不適合
空き家バンクしずおか 沼津市,沼津市,空き家,掲載に空き家表記,沼津市吉田町,650,66.8,32.2,3000,田,—,,不明,接道・区分情報なし、詳細/役場で要確認,,2026-06-14,注意:管理費,https://akiya-bank.shizuoka.fudohsan.jp/%E7%89%A9%E4%BB%B6/168539/settle/1,不適合
空き家バンクしずおか 沼津市,沼津市,空き家,掲載に空き家表記,沼津市中沢田423-1,2690,132.4,67.2,3000,田,市街化区域,,不明,接道・区分情報なし、詳細/役場で要確認,,2026-06-14,,https://akiya-bank.shizuoka.fudohsan.jp/%E7%89%A9%E4%BB%B6/168971/settle/1,不適合
空き家バンクしずおか 沼津市,沼津市,更地,土地カテゴリ（建物表記なし）,沼津市上香貫宮原町1529-1,2308,399.9,19.1,1500,宅地,市街化区域,,不明,接道・区分情報なし、詳細/役場で要確認,,2026-06-14,,https://akiya-bank.shizuoka.fudohsan.jp/%E7%89%A9%E4%BB%B6/139081/settle/1,不適合
空き家バンクしずおか 沼津市,沼津市,更地,土地カテゴリ（建物表記なし）,沼津市平町21-11,600,81.0,24.5,1500,田,市街化区域,,不明,接道・区分情報なし、詳細/役場で要確認,,2026-06-14,,https://akiya-bank.shizuoka.fudohsan.jp/%E7%89%A9%E4%BB%B6/151860/settle/1,不適合
空き家バンクしずおか 沼津市,沼津市,空き家,掲載に空き家表記,沼津市下河原町２丁目,450,46.0,32.3,3000,田,—,,不明,接道・区分情報なし、詳細/役場で要確認,,2026-06-14,注意:管理費,https://akiya-bank.shizuoka.fudohsan.jp/%E7%89%A9%E4%BB%B6/169946/settle/1,不適合
空き家バンクしずおか 沼津市,沼津市,更地,土地カテゴリ（建物表記なし）,沼津市青野,5900,871.3,22.4,1500,田,市街化区域,,不明,接道・区分情報なし、詳細/役場で要確認,,2026-06-14,,https://akiya-bank.shizuoka.fudohsan.jp/%E7%89%A9%E4%BB%B6/168100/settle/1,不適合
空き家バンクしずおか 沼津市,沼津市,古家付き土地,土地＋古家/上物の表記,沼津市千本中町26,780,387.9,6.6,1500,田,市街化区域,,不明,接道・区分情報なし、詳細/役場で要確認,,2026-06-14,,https://akiya-bank.shizuoka.fudohsan.jp/%E7%89%A9%E4%BB%B6/165752/settle/1,適合
空き家バンクしずおか 沼津市,沼津市,古家付き土地,土地＋古家/上物の表記,沼津市戸田,180,84.6,7.0,1500,田,—,,不明,接道・区分情報なし、詳細/役場で要確認,,2026-06-14,関心:無指定,https://akiya-bank.shizuoka.fudohsan.jp/%E7%89%A9%E4%BB%B6/140937/settle/1,不適合
空き家バンクしずおか 沼津市,沼津市,古家付き土地,土地＋古家/上物の表記,沼津市五月町1-16,1250,138.0,29.9,1500,田,市街化区域,,不明,接道・区分情報なし、詳細/役場で要確認,,2026-06-14,,https://akiya-bank.shizuoka.fudohsan.jp/%E7%89%A9%E4%BB%B6/152722/settle/1,不適合
空き家バンクしずおか 沼津市,沼津市,更地,土地カテゴリ（建物表記なし）,沼津市大岡,800,93.0,28.4,1500,田,市街化区域,,不明,接道・区分情報なし、詳細/役場で要確認,,2026-06-14,,https://akiya-bank.shizuoka.fudohsan.jp/%E7%89%A9%E4%BB%B6/173397/settle/1,不適合
空き家バンクしずおか 沼津市,沼津市,空き家,掲載に空き家表記,沼津市平町,980,52.8,61.4,3000,田,—,,不明,接道・区分情報なし、詳細/役場で要確認,,2026-06-14,注意:管理費,https://akiya-bank.shizuoka.fudohsan.jp/%E7%89%A9%E4%BB%B6/173390/settle/1,不適合
空き家バンクしずおか 沼津市,沼津市,更地,土地カテゴリ（建物表記なし）,沼津市下香貫,1800,297.0,20.0,1500,田,市街化区域,,不明,接道・区分情報なし、詳細/役場で要確認,,2026-06-14,,https://akiya-bank.shizuoka.fudohsan.jp/%E7%89%A9%E4%BB%B6/158447/settle/1,不適合
空き家バンクしずおか 沼津市,沼津市,更地,土地カテゴリ（建物表記なし）,沼津市江原町,6700,409.6,54.1,1500,田,市街化区域,,不明,接道・区分情報なし、詳細/役場で要確認,,2026-06-14,,https://akiya-bank.shizuoka.fudohsan.jp/%E7%89%A9%E4%BB%B6/160881/settle/1,不適合
空き家バンクしずおか 沼津市,沼津市,中古戸建,中古戸建/住宅カテゴリ,沼津市下河原町131-18,150,25.8,19.2,3000,田,—,,不明,接道・区分情報なし、詳細/役場で要確認,,2026-06-14,注意:管理費,https://akiya-bank.shizuoka.fudohsan.jp/%E7%89%A9%E4%BB%B6/164428/settle/1,不適合
空き家バンクしずおか 沼津市,沼津市,中古戸建,中古戸建/住宅カテゴリ,沼津市高砂町16-1,1890,215.0,29.1,3000,宅地,市街化区域,,不明,接道・区分情報なし、詳細/役場で要確認,,2026-06-14,,https://akiya-bank.shizuoka.fudohsan.jp/%E7%89%A9%E4%BB%B6/155067/settle/1,不適合
空き家バンクしずおか 沼津市,沼津市,空き家,掲載に空き家表記,沼津市原2030-33,1980,218.0,30.0,3000,宅地,市街化区域,,不明,接道・区分情報なし、詳細/役場で要確認,,2026-06-14,,https://akiya-bank.shizuoka.fudohsan.jp/%E7%89%A9%E4%BB%B6/163582/settle/1,不適合
空き家バンクしずおか 沼津市,沼津市,空き家,掲載に空き家表記,沼津市南本郷町12-6-1,2880,241.3,39.5,3000,宅地,市街化区域,,不明,接道・区分情報なし、詳細/役場で要確認,,2026-06-14,,https://akiya-bank.shizuoka.fudohsan.jp/%E7%89%A9%E4%BB%B6/170276/settle/1,不適合
空き家バンクしずおか 沼津市,沼津市,更地,土地カテゴリ（建物表記なし）,沼津市本郷町8-12,1300,158.9,27.0,1500,宅地,市街化区域,,不明,接道・区分情報なし、詳細/役場で要確認,,2026-06-14,,https://akiya-bank.shizuoka.fudohsan.jp/%E7%89%A9%E4%BB%B6/169766/settle/1,不適合
空き家バンクしずおか 沼津市,沼津市,古家付き土地,土地＋古家/上物の表記,沼津市下香貫藤井原,880,107.4,27.1,1500,田,市街化区域,,不明,接道・区分情報なし、詳細/役場で要確認,,2026-06-14,,https://akiya-bank.shizuoka.fudohsan.jp/%E7%89%A9%E4%BB%B6/159903/settle/1,不適合
空き家バンクしずおか 沼津市,沼津市,更地,土地カテゴリ（建物表記なし）,沼津市本字下一丁田866-14,660,134.1,16.3,1500,田,市街化区域,,不明,接道・区分情報なし、詳細/役場で要確認,,2026-06-14,,https://akiya-bank.shizuoka.fudohsan.jp/%E7%89%A9%E4%BB%B6/129160/settle/1,不適合
空き家バンクしずおか 沼津市,沼津市,更地,土地カテゴリ（建物表記なし）,沼津市原1548-1,5100,842.3,20.0,1500,田,市街化区域,,不明,接道・区分情報なし、詳細/役場で要確認,,2026-06-14,,https://akiya-bank.shizuoka.fudohsan.jp/%E7%89%A9%E4%BB%B6/133077/settle/1,不適合
空き家バンクしずおか 沼津市,沼津市,更地,土地カテゴリ（建物表記なし）,沼津市下香貫牛臥3010-44,750,180.6,13.7,1500,田,市街化区域,,不明,接道・区分情報なし、詳細/役場で要確認,,2026-06-14,,https://akiya-bank.shizuoka.fudohsan.jp/%E7%89%A9%E4%BB%B6/160848/settle/1,不適合
空き家バンクしずおか 沼津市,沼津市,古家付き土地,土地＋古家/上物の表記,沼津市下香貫馬場439-2,1000,165.3,20.0,1500,田,市街化区域,,不明,接道・区分情報なし、詳細/役場で要確認,,2026-06-14,,https://akiya-bank.shizuoka.fudohsan.jp/%E7%89%A9%E4%BB%B6/97393/settle/1,不適合
空き家バンクしずおか 沼津市,沼津市,更地,土地カテゴリ（建物表記なし）,沼津市本郷町23-24,1950,194.0,33.2,1500,宅地,市街化区域,,不明,接道・区分情報なし、詳細/役場で要確認,,2026-06-14,,https://akiya-bank.shizuoka.fudohsan.jp/%E7%89%A9%E4%BB%B6/137887/settle/1,不適合
空き家バンクしずおか 沼津市,沼津市,更地,土地カテゴリ（建物表記なし）,沼津市御幸町23-6,3200,30.6,345.7,1500,田,市街化区域,,不明,接道・区分情報なし、詳細/役場で要確認,,2026-06-14,,https://akiya-bank.shizuoka.fudohsan.jp/%E7%89%A9%E4%BB%B6/164107/settle/1,不適合
空き家バンクしずおか 沼津市,沼津市,古家付き土地,土地＋古家/上物の表記,沼津市大岡935-27,1850,165.3,37.0,1500,田,市街化区域,,不明,接道・区分情報なし、詳細/役場で要確認,,2026-06-14,,https://akiya-bank.shizuoka.fudohsan.jp/%E7%89%A9%E4%BB%B6/169612/settle/1,不適合
空き家バンクしずおか 沼津市,沼津市,更地,土地カテゴリ（建物表記なし）,沼津市中瀬町17-13,1490,164.2,30.0,1500,田,市街化区域,,不明,接道・区分情報なし、詳細/役場で要確認,,2026-06-14,,https://akiya-bank.shizuoka.fudohsan.jp/%E7%89%A9%E4%BB%B6/153981/settle/1,不適合
空き家バンクしずおか 沼津市,沼津市,古家付き土地,土地＋古家/上物の表記,沼津市玉江町1-27,1999,220.3,30.0,1500,宅地,市街化区域,,不明,接道・区分情報なし、詳細/役場で要確認,,2026-06-14,,https://akiya-bank.shizuoka.fudohsan.jp/%E7%89%A9%E4%BB%B6/157705/settle/1,不適合
空き家バンクしずおか 沼津市,沼津市,更地,土地カテゴリ（建物表記なし）,沼津市足高133-9,77,127.0,2.0,1500,田,市街化調整区域,,△,調整区域につき要役場確認＝本命候補,,2026-06-14,関心:調整区域/無指定,https://akiya-bank.shizuoka.fudohsan.jp/%E7%89%A9%E4%BB%B6/170313/settle/1,不適合
空き家バンクしずおか 沼津市,沼津市,更地,土地カテゴリ（建物表記なし）,沼津市西島町1111-6,1200,184.0,21.6,1500,田,市街化区域,,不明,接道・区分情報なし、詳細/役場で要確認,,2026-06-14,,https://akiya-bank.shizuoka.fudohsan.jp/%E7%89%A9%E4%BB%B6/34387/settle/1,不適合
空き家バンクしずおか 沼津市,沼津市,古家付き土地,土地＋古家/上物の表記,沼津市庄栄町,1520,164.8,30.5,1500,田,市街化区域,,不明,接道・区分情報なし、詳細/役場で要確認,,2026-06-14,,https://akiya-bank.shizuoka.fudohsan.jp/%E7%89%A9%E4%BB%B6/167096/settle/1,不適合
空き家バンクしずおか 沼津市,沼津市,古家付き土地,土地＋古家/上物の表記,沼津市庄栄町,2300,164.8,46.1,1500,田,市街化区域,,不明,接道・区分情報なし、詳細/役場で要確認,,2026-06-14,,https://akiya-bank.shizuoka.fudohsan.jp/%E7%89%A9%E4%BB%B6/161703/settle/1,不適合
空き家バンクしずおか 沼津市,沼津市,更地,土地カテゴリ（建物表記なし）,沼津市若葉町,2800,219.8,42.1,1500,田,市街化区域,,不明,接道・区分情報なし、詳細/役場で要確認,,2026-06-14,,https://akiya-bank.shizuoka.fudohsan.jp/%E7%89%A9%E4%BB%B6/157909/settle/1,不適合
空き家バンクしずおか 沼津市,沼津市,更地,土地カテゴリ（建物表記なし）,沼津市真砂町27-9,390,51.4,25.1,1500,田,市街化区域,,不明,接道・区分情報なし、詳細/役場で要確認,,2026-06-14,,https://akiya-bank.shizuoka.fudohsan.jp/%E7%89%A9%E4%BB%B6/144736/settle/1,不適合
空き家バンクしずおか 沼津市,沼津市,更地,土地カテゴリ（建物表記なし）,沼津市岡宮1307-6　他2筆,2022,180.7,37.0,1500,宅地,市街化区域,,不明,接道・区分情報なし、詳細/役場で要確認,,2026-06-14,,https://akiya-bank.shizuoka.fudohsan.jp/%E7%89%A9%E4%BB%B6/168203/settle/1,不適合
空き家バンクしずおか 沼津市,沼津市,更地,土地カテゴリ（建物表記なし）,沼津市下河原町２丁目,900,139.6,21.3,1500,田,市街化区域,,不明,接道・区分情報なし、詳細/役場で要確認,,2026-06-14,,https://akiya-bank.shizuoka.fudohsan.jp/%E7%89%A9%E4%BB%B6/173240/settle/1,不適合
空き家バンクしずおか 沼津市,沼津市,空き家,掲載に空き家表記,沼津市大岡,3000,150.5,65.9,3000,田,市街化区域,,不明,接道・区分情報なし、詳細/役場で要確認,,2026-06-14,,https://akiya-bank.shizuoka.fudohsan.jp/%E7%89%A9%E4%BB%B6/172723/settle/1,不適合
空き家バンクしずおか 沼津市,沼津市,空き家,掲載に空き家表記,沼津市口野,490,115.2,14.1,3000,田,市街化調整区域,,△,調整区域につき要役場確認＝本命候補,,2026-06-14,関心:調整区域/無指定,https://akiya-bank.shizuoka.fudohsan.jp/%E7%89%A9%E4%BB%B6/167921/settle/1,不適合
空き家バンクしずおか 沼津市,沼津市,更地,土地カテゴリ（建物表記なし）,沼津市大塚531-7,780,183.4,14.1,1500,田,市街化区域,,不明,接道・区分情報なし、詳細/役場で要確認,,2026-06-14,,https://akiya-bank.shizuoka.fudohsan.jp/%E7%89%A9%E4%BB%B6/154950/settle/1,不適合
空き家バンクしずおか 沼津市,沼津市,空き家,掲載に空き家表記,沼津市中沢田423-1,2490,133.9,61.5,3000,田,市街化区域,,不明,接道・区分情報なし、詳細/役場で要確認,,2026-06-14,,https://akiya-bank.shizuoka.fudohsan.jp/%E7%89%A9%E4%BB%B6/168975/settle/1,不適合
空き家バンクしずおか 沼津市,沼津市,空き家,掲載に空き家表記,沼津市下香貫,4280,626.9,22.6,3000,田,市街化区域,,不明,接道・区分情報なし、詳細/役場で要確認,,2026-06-14,,https://akiya-bank.shizuoka.fudohsan.jp/%E7%89%A9%E4%BB%B6/171958/settle/1,不適合
空き家バンクしずおか 沼津市,沼津市,更地,土地カテゴリ（建物表記なし）,沼津市真砂町1-5,300,39.2,25.3,1500,田,市街化区域,,不明,接道・区分情報なし、詳細/役場で要確認,,2026-06-14,,https://akiya-bank.shizuoka.fudohsan.jp/%E7%89%A9%E4%BB%B6/141530/settle/1,不適合
空き家バンクしずおか 沼津市,沼津市,古家付き土地,土地＋古家/上物の表記,沼津市上香貫二瀬川町,1220,254.2,15.9,1500,宅地,市街化区域,,不明,接道・区分情報なし、詳細/役場で要確認,,2026-06-14,,https://akiya-bank.shizuoka.fudohsan.jp/%E7%89%A9%E4%BB%B6/165414/settle/1,不適合
空き家バンクしずおか 沼津市,沼津市,更地,土地カテゴリ（建物表記なし）,沼津市西島町,1100,218.0,16.7,1500,田,市街化区域,,不明,接道・区分情報なし、詳細/役場で要確認,,2026-06-14,,https://akiya-bank.shizuoka.fudohsan.jp/%E7%89%A9%E4%BB%B6/165457/settle/1,不適合
空き家バンクしずおか 沼津市,沼津市,更地,土地カテゴリ（建物表記なし）,沼津市大岡3063-2,1780,165.8,35.5,1500,田,市街化区域,,不明,接道・区分情報なし、詳細/役場で要確認,,2026-06-14,,https://akiya-bank.shizuoka.fudohsan.jp/%E7%89%A9%E4%BB%B6/157940/settle/1,不適合
空き家バンクしずおか 沼津市,沼津市,更地,土地カテゴリ（建物表記なし）,沼津市真砂町19-8,480,58.5,27.1,1500,田,市街化区域,,不明,接道・区分情報なし、詳細/役場で要確認,,2026-06-14,,https://akiya-bank.shizuoka.fudohsan.jp/%E7%89%A9%E4%BB%B6/169633/settle/1,不適合
空き家バンクしずおか 沼津市,沼津市,古家付き土地,土地＋古家/上物の表記,沼津市下香貫藤井原,880,107.4,27.1,1500,田,市街化区域,,不明,接道・区分情報なし、詳細/役場で要確認,,2026-06-14,,https://akiya-bank.shizuoka.fudohsan.jp/%E7%89%A9%E4%BB%B6/159925/settle/1,不適合
空き家バンクしずおか 沼津市,沼津市,古家付き土地,土地＋古家/上物の表記,沼津市西椎路,1200,237.7,16.7,1500,田,市街化調整区域,,△,調整区域につき要役場確認＝本命候補,,2026-06-14,関心:調整区域/無指定,https://akiya-bank.shizuoka.fudohsan.jp/%E7%89%A9%E4%BB%B6/172100/settle/1,不適合
空き家バンクしずおか 沼津市,沼津市,古家付き土地,土地＋古家/上物の表記,"沼津市大岡1761-9,1761-10",950,132.2,23.8,1500,田,市街化区域,,不明,接道・区分情報なし、詳細/役場で要確認,,2026-06-14,,https://akiya-bank.shizuoka.fudohsan.jp/%E7%89%A9%E4%BB%B6/162793/settle/1,不適合
空き家バンクしずおか 沼津市,沼津市,古家付き土地,土地＋古家/上物の表記,沼津市市道町,1200,193.4,20.5,1500,田,市街化区域,,不明,接道・区分情報なし、詳細/役場で要確認,,2026-06-14,,https://akiya-bank.shizuoka.fudohsan.jp/%E7%89%A9%E4%BB%B6/169425/settle/1,不適合
空き家バンクしずおか 沼津市,沼津市,更地,土地カテゴリ（建物表記なし）,沼津市江浦,580,274.2,7.0,1500,田,市街化調整区域,,△,調整区域につき要役場確認＝本命候補,,2026-06-14,関心:調整区域/無指定,https://akiya-bank.shizuoka.fudohsan.jp/%E7%89%A9%E4%BB%B6/170104/settle/1,不適合
空き家バンクしずおか 沼津市,沼津市,更地,土地カテゴリ（建物表記なし）,沼津市岡宮129-13,1480,131.5,37.2,1500,田,市街化区域,,不明,接道・区分情報なし、詳細/役場で要確認,,2026-06-14,,https://akiya-bank.shizuoka.fudohsan.jp/%E7%89%A9%E4%BB%B6/112701/settle/1,不適合
空き家バンクしずおか 沼津市,沼津市,更地,土地カテゴリ（建物表記なし）,沼津市岡宮129-13,1480,128.5,38.1,1500,田,市街化区域,,不明,接道・区分情報なし、詳細/役場で要確認,,2026-06-14,,https://akiya-bank.shizuoka.fudohsan.jp/%E7%89%A9%E4%BB%B6/112700/settle/1,不適合
空き家バンクしずおか 沼津市,沼津市,古家付き土地,土地＋古家/上物の表記,沼津市下小路町,980,111.0,29.2,1500,田,市街化区域,,不明,接道・区分情報なし、詳細/役場で要確認,,2026-06-14,,https://akiya-bank.shizuoka.fudohsan.jp/%E7%89%A9%E4%BB%B6/170091/settle/1,不適合
空き家バンクしずおか 沼津市,沼津市,更地,土地カテゴリ（建物表記なし）,沼津市上香貫1688-8,3690,317.9,38.4,1500,宅地,市街化区域,,不明,接道・区分情報なし、詳細/役場で要確認,,2026-06-14,,https://akiya-bank.shizuoka.fudohsan.jp/%E7%89%A9%E4%BB%B6/80645/settle/1,不適合
空き家バンクしずおか 沼津市,沼津市,古家付き土地,土地＋古家/上物の表記,沼津市上香貫二瀬川町1943番地の3,2000,360.3,18.4,1500,宅地,市街化区域,,不明,接道・区分情報なし、詳細/役場で要確認,,2026-06-14,,https://akiya-bank.shizuoka.fudohsan.jp/%E7%89%A9%E4%BB%B6/154467/settle/1,不適合
空き家バンクしずおか 沼津市,沼津市,更地,土地カテゴリ（建物表記なし）,沼津市市道町,1500,163.1,30.4,1500,田,市街化区域,,不明,接道・区分情報なし、詳細/役場で要確認,,2026-06-14,,https://akiya-bank.shizuoka.fudohsan.jp/%E7%89%A9%E4%BB%B6/169210/settle/1,不適合
空き家バンクしずおか 沼津市,沼津市,更地,土地カテゴリ（建物表記なし）,沼津市大岡1286-26、27、29,980,173.3,18.7,1500,田,市街化区域,,不明,接道・区分情報なし、詳細/役場で要確認,,2026-06-14,,https://akiya-bank.shizuoka.fudohsan.jp/%E7%89%A9%E4%BB%B6/150344/settle/1,不適合
空き家バンクしずおか 沼津市,沼津市,中古戸建,中古戸建/住宅カテゴリ,沼津市江原町4番22,1650,72.0,75.8,3000,田,—,,不明,接道・区分情報なし、詳細/役場で要確認,,2026-06-14,注意:管理費,https://akiya-bank.shizuoka.fudohsan.jp/%E7%89%A9%E4%BB%B6/152120/settle/1,不適合
空き家バンクしずおか 沼津市,沼津市,古家付き土地,土地＋古家/上物の表記,沼津市大岡,1480,151.7,32.3,1500,田,市街化区域,,不明,接道・区分情報なし、詳細/役場で要確認,,2026-06-14,,https://akiya-bank.shizuoka.fudohsan.jp/%E7%89%A9%E4%BB%B6/166677/settle/1,不適合
空き家バンクしずおか 沼津市,沼津市,更地,土地カテゴリ（建物表記なし）,沼津市大岡,980,173.3,18.7,1500,田,市街化区域,,不明,接道・区分情報なし、詳細/役場で要確認,,2026-06-14,,https://akiya-bank.shizuoka.fudohsan.jp/%E7%89%A9%E4%BB%B6/169479/settle/1,不適合
空き家バンクしずおか 沼津市,沼津市,更地,土地カテゴリ（建物表記なし）,沼津市足高441-1227,600,680.3,2.9,1500,田,市街化調整区域,,△,調整区域につき要役場確認＝本命候補,,2026-06-14,関心:調整区域/無指定,https://akiya-bank.shizuoka.fudohsan.jp/%E7%89%A9%E4%BB%B6/128347/settle/1,適合
空き家バンクしずおか 沼津市,沼津市,更地,土地カテゴリ（建物表記なし）,沼津市岡宮,1680,109.0,51.0,1500,田,市街化区域,,不明,接道・区分情報なし、詳細/役場で要確認,,2026-06-14,,https://akiya-bank.shizuoka.fudohsan.jp/%E7%89%A9%E4%BB%B6/149174/settle/1,不適合
空き家バンクしずおか 沼津市,沼津市,更地,土地カテゴリ（建物表記なし）,沼津市高砂町,7000,608.4,38.0,1500,宅地,市街化区域,,不明,接道・区分情報なし、詳細/役場で要確認,,2026-06-14,,https://akiya-bank.shizuoka.fudohsan.jp/%E7%89%A9%E4%BB%B6/167323/settle/1,不適合
空き家バンクしずおか 沼津市,沼津市,古家付き土地,土地＋古家/上物の表記,沼津市大岡,1180,123.8,31.5,1500,田,市街化区域,,不明,接道・区分情報なし、詳細/役場で要確認,,2026-06-14,,https://akiya-bank.shizuoka.fudohsan.jp/%E7%89%A9%E4%BB%B6/166669/settle/1,不適合
空き家バンクしずおか 沼津市,沼津市,更地,土地カテゴリ（建物表記なし）,沼津市住吉町,1400,125.3,36.9,1500,宅地,市街化区域,,不明,接道・区分情報なし、詳細/役場で要確認,,2026-06-14,,https://akiya-bank.shizuoka.fudohsan.jp/%E7%89%A9%E4%BB%B6/164361/settle/1,不適合
空き家バンクしずおか 沼津市,沼津市,古家付き土地,土地＋古家/上物の表記,沼津市千本緑町１丁目23-3,850,132.9,21.1,1500,田,市街化区域,,不明,接道・区分情報なし、詳細/役場で要確認,,2026-06-14,,https://akiya-bank.shizuoka.fudohsan.jp/%E7%89%A9%E4%BB%B6/151517/settle/1,不適合
空き家バンクしずおか 沼津市,沼津市,更地,土地カテゴリ（建物表記なし）,沼津市下香貫馬場465-1,1320,216.1,20.2,1500,宅地,市街化区域,,不明,接道・区分情報なし、詳細/役場で要確認,,2026-06-14,,https://akiya-bank.shizuoka.fudohsan.jp/%E7%89%A9%E4%BB%B6/168184/settle/1,不適合
空き家バンクしずおか 沼津市,沼津市,古家付き土地,土地＋古家/上物の表記,沼津市松長,900,168.6,17.6,1500,田,市街化区域,,不明,接道・区分情報なし、詳細/役場で要確認,,2026-06-14,,https://akiya-bank.shizuoka.fudohsan.jp/%E7%89%A9%E4%BB%B6/169456/settle/1,不適合
空き家バンクしずおか 沼津市,沼津市,空き家,掲載に空き家表記,沼津市足高３２２番地２２１,3480,175.6,65.5,3000,田,市街化区域,,不明,接道・区分情報なし、詳細/役場で要確認,,2026-06-14,,https://akiya-bank.shizuoka.fudohsan.jp/%E7%89%A9%E4%BB%B6/48565/settle/1,不適合
空き家バンクしずおか 沼津市,沼津市,古家付き土地,土地＋古家/上物の表記,沼津市青野,880,186.0,15.6,1500,宅地,市街化区域,,不明,接道・区分情報なし、詳細/役場で要確認,,2026-06-14,,https://akiya-bank.shizuoka.fudohsan.jp/%E7%89%A9%E4%BB%B6/162011/settle/1,不適合
空き家バンクしずおか 沼津市,沼津市,更地,土地カテゴリ（建物表記なし）,沼津市千本常盤町,420,92.4,15.0,1500,田,市街化区域,,不明,接道・区分情報なし、詳細/役場で要確認,,2026-06-14,,https://akiya-bank.shizuoka.fudohsan.jp/%E7%89%A9%E4%BB%B6/166570/settle/1,不適合
空き家バンクしずおか 沼津市,沼津市,更地,土地カテゴリ（建物表記なし）,沼津市今沢54,1050,160.5,21.6,1500,田,市街化区域,,不明,接道・区分情報なし、詳細/役場で要確認,,2026-06-14,,https://akiya-bank.shizuoka.fudohsan.jp/%E7%89%A9%E4%BB%B6/145221/settle/1,不適合
空き家バンクしずおか 沼津市,沼津市,更地,土地カテゴリ（建物表記なし）,沼津市下香貫2994-22,880,117.4,24.8,1500,田,市街化区域,,不明,接道・区分情報なし、詳細/役場で要確認,,2026-06-14,,https://akiya-bank.shizuoka.fudohsan.jp/%E7%89%A9%E4%BB%B6/146198/settle/1,不適合
空き家バンクしずおか 沼津市,沼津市,更地,土地カテゴリ（建物表記なし）,沼津市今沢527-12,1590,152.0,34.6,1500,田,市街化区域,,不明,接道・区分情報なし、詳細/役場で要確認,,2026-06-14,,https://akiya-bank.shizuoka.fudohsan.jp/%E7%89%A9%E4%BB%B6/125289/settle/1,不適合
空き家バンクしずおか 沼津市,沼津市,更地,土地カテゴリ（建物表記なし）,沼津市下香貫2994-21,750,123.3,20.1,1500,田,市街化区域,,不明,接道・区分情報なし、詳細/役場で要確認,,2026-06-14,,https://akiya-bank.shizuoka.fudohsan.jp/%E7%89%A9%E4%BB%B6/146197/settle/1,不適合
空き家バンクしずおか 沼津市,沼津市,更地,土地カテゴリ（建物表記なし）,沼津市我入道秋葉町,1980,208.3,31.4,1500,田,市街化区域,,不明,接道・区分情報なし、詳細/役場で要確認,,2026-06-14,,https://akiya-bank.shizuoka.fudohsan.jp/%E7%89%A9%E4%BB%B6/172561/settle/1,不適合
空き家バンクしずおか 沼津市,沼津市,中古戸建,中古戸建/住宅カテゴリ,沼津市志下,1280,75.5,56.0,3000,田,—,,不明,接道・区分情報なし、詳細/役場で要確認,,2026-06-14,注意:管理費,https://akiya-bank.shizuoka.fudohsan.jp/%E7%89%A9%E4%BB%B6/170756/settle/1,不適合
空き家バンクしずおか 沼津市,沼津市,空き家,掲載に空き家表記,沼津市大岡,5820,328.6,58.6,3000,田,市街化区域,,不明,接道・区分情報なし、詳細/役場で要確認,,2026-06-14,,https://akiya-bank.shizuoka.fudohsan.jp/%E7%89%A9%E4%BB%B6/158384/settle/1,不適合
空き家バンクしずおか 沼津市,沼津市,空き家,掲載に空き家表記,沼津市岡一色,3880,141.2,90.8,3000,田,市街化区域,,不明,接道・区分情報なし、詳細/役場で要確認,,2026-06-14,,https://akiya-bank.shizuoka.fudohsan.jp/%E7%89%A9%E4%BB%B6/172532/settle/1,不適合
空き家バンクしずおか 沼津市,沼津市,更地,土地カテゴリ（建物表記なし）,沼津市西間門,700,446.0,5.2,1500,田,市街化区域,,不明,接道・区分情報なし、詳細/役場で要確認,,2026-06-14,,https://akiya-bank.shizuoka.fudohsan.jp/%E7%89%A9%E4%BB%B6/172501/settle/1,適合
空き家バンクしずおか 沼津市,沼津市,更地,土地カテゴリ（建物表記なし）,沼津市本郷町,1300,158.9,27.0,1500,宅地,市街化区域,,不明,接道・区分情報なし、詳細/役場で要確認,,2026-06-14,,https://akiya-bank.shizuoka.fudohsan.jp/%E7%89%A9%E4%BB%B6/169715/settle/1,不適合
空き家バンクしずおか 沼津市,沼津市,更地,土地カテゴリ（建物表記なし）,沼津市西沢田,880,126.1,23.1,1500,宅地,市街化区域,,不明,接道・区分情報なし、詳細/役場で要確認,,2026-06-14,,https://akiya-bank.shizuoka.fudohsan.jp/%E7%89%A9%E4%BB%B6/172509/settle/1,不適合
空き家バンクしずおか 沼津市,沼津市,更地,土地カテゴリ（建物表記なし）,沼津市下香貫2979-2,4000,1536.0,8.6,1500,田,市街化区域,,不明,接道・区分情報なし、詳細/役場で要確認,,2026-06-14,,https://akiya-bank.shizuoka.fudohsan.jp/%E7%89%A9%E4%BB%B6/150640/settle/1,不適合
空き家バンクしずおか 沼津市,沼津市,更地,土地カテゴリ（建物表記なし）,沼津市大岡1140-27,2480,172.6,47.5,1500,田,市街化区域,,不明,接道・区分情報なし、詳細/役場で要確認,,2026-06-14,,https://akiya-bank.shizuoka.fudohsan.jp/%E7%89%A9%E4%BB%B6/144565/settle/1,不適合
空き家バンクしずおか 沼津市,沼津市,空き家,掲載に空き家表記,沼津市上香貫,1100,56.3,64.6,3000,田,—,,不明,接道・区分情報なし、詳細/役場で要確認,,2026-06-14,注意:管理費,https://akiya-bank.shizuoka.fudohsan.jp/%E7%89%A9%E4%BB%B6/151516/settle/1,不適合
空き家バンクしずおか 沼津市,沼津市,古家付き土地,土地＋古家/上物の表記,沼津市足高489-1,800,807.1,3.3,1500,田,市街化区域,,不明,接道・区分情報なし、詳細/役場で要確認,,2026-06-14,,https://akiya-bank.shizuoka.fudohsan.jp/%E7%89%A9%E4%BB%B6/150098/settle/1,適合
空き家バンクしずおか 沼津市,沼津市,更地,土地カテゴリ（建物表記なし）,沼津市八幡町34,720,83.5,28.5,1500,田,市街化区域,,不明,接道・区分情報なし、詳細/役場で要確認,,2026-06-14,,https://akiya-bank.shizuoka.fudohsan.jp/%E7%89%A9%E4%BB%B6/148208/settle/1,不適合
空き家バンクしずおか 沼津市,沼津市,古家付き土地,土地＋古家/上物の表記,沼津市大岡926-7,695,69.4,33.1,1500,田,市街化区域,,不明,接道・区分情報なし、詳細/役場で要確認,,2026-06-14,,https://akiya-bank.shizuoka.fudohsan.jp/%E7%89%A9%E4%BB%B6/148255/settle/1,不適合
空き家バンクしずおか 沼津市,沼津市,更地,土地カテゴリ（建物表記なし）,沼津市戸田1586-1,500,221.5,7.5,1500,田,—,,不明,接道・区分情報なし、詳細/役場で要確認,,2026-06-14,関心:無指定,https://akiya-bank.shizuoka.fudohsan.jp/%E7%89%A9%E4%BB%B6/137794/settle/1,不適合
空き家バンクしずおか 沼津市,沼津市,更地,土地カテゴリ（建物表記なし）,沼津市戸田3844-42,35,112.0,1.0,1500,田,—,,不明,接道・区分情報なし、詳細/役場で要確認,,2026-06-14,関心:無指定,https://akiya-bank.shizuoka.fudohsan.jp/%E7%89%A9%E4%BB%B6/133131/settle/1,不適合
空き家バンクしずおか 沼津市,沼津市,空き家,掲載に空き家表記,沼津市岡一色270-1,1650,70.7,77.2,3000,田,—,,不明,接道・区分情報なし、詳細/役場で要確認,,2026-06-14,注意:管理費,https://akiya-bank.shizuoka.fudohsan.jp/%E7%89%A9%E4%BB%B6/172379/settle/1,不適合
空き家バンクしずおか 沼津市,沼津市,更地,土地カテゴリ（建物表記なし）,沼津市西椎路1030-8,2200,7543.0,1.0,1500,田,市街化調整区域,,△,調整区域につき要役場確認＝本命候補,,2026-06-14,関心:調整区域/無指定,https://akiya-bank.shizuoka.fudohsan.jp/%E7%89%A9%E4%BB%B6/162418/settle/1,不適合
空き家バンクしずおか 沼津市,沼津市,古家付き土地,土地＋古家/上物の表記,沼津市千本常盤町,900,170.1,17.5,1500,田,市街化区域,,不明,接道・区分情報なし、詳細/役場で要確認,,2026-06-14,,https://akiya-bank.shizuoka.fudohsan.jp/%E7%89%A9%E4%BB%B6/169588/settle/1,不適合
空き家バンクしずおか 沼津市,沼津市,古家付き土地,土地＋古家/上物の表記,沼津市上香貫宮原町1502-1,3980,707.4,18.6,1500,宅地,市街化区域,,不明,接道・区分情報なし、詳細/役場で要確認,,2026-06-14,,https://akiya-bank.shizuoka.fudohsan.jp/%E7%89%A9%E4%BB%B6/135222/settle/1,不適合
空き家バンクしずおか 沼津市,沼津市,更地,土地カテゴリ（建物表記なし）,沼津市下河原町10-6,1500,182.4,27.2,1500,田,市街化区域,,不明,接道・区分情報なし、詳細/役場で要確認,,2026-06-14,,https://akiya-bank.shizuoka.fudohsan.jp/%E7%89%A9%E4%BB%B6/143010/settle/1,不適合
空き家バンクしずおか 沼津市,沼津市,更地,土地カテゴリ（建物表記なし）,沼津市吉田町27-6,1100,134.0,27.1,1500,田,市街化区域,,不明,接道・区分情報なし、詳細/役場で要確認,,2026-06-14,,https://akiya-bank.shizuoka.fudohsan.jp/%E7%89%A9%E4%BB%B6/150430/settle/1,不適合
空き家バンクしずおか 沼津市,沼津市,更地,土地カテゴリ（建物表記なし）,沼津市吉田町27-3,1180,144.6,27.0,1500,田,市街化区域,,不明,接道・区分情報なし、詳細/役場で要確認,,2026-06-14,,https://akiya-bank.shizuoka.fudohsan.jp/%E7%89%A9%E4%BB%B6/49747/settle/1,不適合
空き家バンクしずおか 沼津市,沼津市,更地,土地カテゴリ（建物表記なし）,沼津市青野68-27,650,168.1,12.8,1500,宅地,市街化区域,,不明,接道・区分情報なし、詳細/役場で要確認,,2026-06-14,,https://akiya-bank.shizuoka.fudohsan.jp/%E7%89%A9%E4%BB%B6/157736/settle/1,不適合
空き家バンクしずおか 沼津市,沼津市,更地,土地カテゴリ（建物表記なし）,沼津市今沢642-3,1560,467.7,11.0,1500,田,市街化区域,,不明,接道・区分情報なし、詳細/役場で要確認,,2026-06-14,,https://akiya-bank.shizuoka.fudohsan.jp/%E7%89%A9%E4%BB%B6/112484/settle/1,不適合
空き家バンクしずおか 沼津市,沼津市,更地,土地カテゴリ（建物表記なし）,沼津市若葉町969番1,2700,194.0,46.0,1500,田,市街化区域,,不明,接道・区分情報なし、詳細/役場で要確認,,2026-06-14,,https://akiya-bank.shizuoka.fudohsan.jp/%E7%89%A9%E4%BB%B6/145532/settle/1,不適合
空き家バンクしずおか 沼津市,沼津市,更地,土地カテゴリ（建物表記なし）,沼津市足高441-1759、-1760,1200,1850.3,2.1,1500,田,市街化調整区域,,△,調整区域につき要役場確認＝本命候補,,2026-06-14,関心:調整区域/無指定,https://akiya-bank.shizuoka.fudohsan.jp/%E7%89%A9%E4%BB%B6/153918/settle/1,適合
空き家バンクしずおか 沼津市,沼津市,更地,土地カテゴリ（建物表記なし）,沼津市五月町,3800,305.6,41.1,1500,田,市街化区域,,不明,接道・区分情報なし、詳細/役場で要確認,,2026-06-14,,https://akiya-bank.shizuoka.fudohsan.jp/%E7%89%A9%E4%BB%B6/163940/settle/1,不適合
空き家バンクしずおか 沼津市,沼津市,更地,土地カテゴリ（建物表記なし）,沼津市内浦重寺197-20,1380,162.3,28.1,1500,田,市街化調整区域,,△,調整区域につき要役場確認＝本命候補,,2026-06-14,関心:調整区域/無指定,https://akiya-bank.shizuoka.fudohsan.jp/%E7%89%A9%E4%BB%B6/113201/settle/1,不適合
空き家バンクしずおか 沼津市,沼津市,更地,土地カテゴリ（建物表記なし）,沼津市足高56-52,150,170.0,2.9,1500,田,市街化調整区域,,△,調整区域につき要役場確認＝本命候補,,2026-06-14,関心:調整区域/無指定,https://akiya-bank.shizuoka.fudohsan.jp/%E7%89%A9%E4%BB%B6/94136/settle/1,不適合
空き家バンクしずおか 沼津市,沼津市,更地,土地カテゴリ（建物表記なし）,沼津市原,1140,139.8,27.0,1500,田,市街化区域,,不明,接道・区分情報なし、詳細/役場で要確認,,2026-06-14,,https://akiya-bank.shizuoka.fudohsan.jp/%E7%89%A9%E4%BB%B6/168517/settle/1,不適合
空き家バンクしずおか 沼津市,沼津市,更地,土地カテゴリ（建物表記なし）,沼津市西島町,1250,312.9,13.2,1500,田,市街化区域,,不明,接道・区分情報なし、詳細/役場で要確認,,2026-06-14,,https://akiya-bank.shizuoka.fudohsan.jp/%E7%89%A9%E4%BB%B6/169111/settle/1,不適合
空き家バンクしずおか 沼津市,沼津市,空き家,掲載に空き家表記,沼津市足高287-21,2880,165.8,57.4,3000,田,市街化区域,,不明,接道・区分情報なし、詳細/役場で要確認,,2026-06-14,,https://akiya-bank.shizuoka.fudohsan.jp/%E7%89%A9%E4%BB%B6/169170/settle/1,不適合
空き家バンクしずおか 沼津市,沼津市,空き家,掲載に空き家表記,沼津市新沢田町,1680,70.8,78.4,3000,田,—,,不明,接道・区分情報なし、詳細/役場で要確認,,2026-06-14,注意:管理費,https://akiya-bank.shizuoka.fudohsan.jp/%E7%89%A9%E4%BB%B6/171794/settle/1,不適合
空き家バンクしずおか 沼津市,沼津市,更地,土地カテゴリ（建物表記なし）,沼津市平町１３番3,1800,137.1,43.4,1500,田,市街化区域,,不明,接道・区分情報なし、詳細/役場で要確認,,2026-06-14,,https://akiya-bank.shizuoka.fudohsan.jp/%E7%89%A9%E4%BB%B6/154153/settle/1,不適合
空き家バンクしずおか 沼津市,沼津市,更地,土地カテゴリ（建物表記なし）,沼津市五月町,2300,144.5,52.6,1500,田,市街化区域,,不明,接道・区分情報なし、詳細/役場で要確認,,2026-06-14,,https://akiya-bank.shizuoka.fudohsan.jp/%E7%89%A9%E4%BB%B6/172420/settle/1,不適合
空き家バンクしずおか 沼津市,沼津市,空き家,掲載に空き家表記,沼津市青野,830,311.4,8.8,3000,田,市街化調整区域,,△,調整区域につき要役場確認＝本命候補,,2026-06-14,関心:調整区域/無指定,https://akiya-bank.shizuoka.fudohsan.jp/%E7%89%A9%E4%BB%B6/171325/settle/1,不適合
空き家バンクしずおか 清水町,清水町,古家付き土地,土地＋古家/上物の表記,駿東郡清水町徳倉,1280,132.0,32.1,1500,田,市街化区域,,不明,接道・区分情報なし、詳細/役場で要確認,,2026-06-14,,https://akiya-bank.shizuoka.fudohsan.jp/%E7%89%A9%E4%BB%B6/166499/settle/1,不適合
空き家バンクしずおか 清水町,清水町,更地,土地カテゴリ（建物表記なし）,駿東郡清水町伏見,3180,178.6,58.9,1500,田,市街化区域,,不明,接道・区分情報なし、詳細/役場で要確認,,2026-06-14,,https://akiya-bank.shizuoka.fudohsan.jp/%E7%89%A9%E4%BB%B6/170238/settle/1,不適合
空き家バンクしずおか 清水町,清水町,更地,土地カテゴリ（建物表記なし）,駿東郡清水町長沢,3590,175.5,67.6,1500,田,市街化区域,,不明,接道・区分情報なし、詳細/役場で要確認,,2026-06-14,,https://akiya-bank.shizuoka.fudohsan.jp/%E7%89%A9%E4%BB%B6/170890/settle/1,不適合
空き家バンクしずおか 清水町,清水町,更地,土地カテゴリ（建物表記なし）,駿東郡清水町徳倉,4800,668.5,23.7,1500,田,市街化区域,,不明,接道・区分情報なし、詳細/役場で要確認,,2026-06-14,,https://akiya-bank.shizuoka.fudohsan.jp/%E7%89%A9%E4%BB%B6/171406/settle/1,不適合
空き家バンクしずおか 清水町,清水町,古家付き土地,土地＋古家/上物の表記,駿東郡清水町湯川,1980,171.6,38.1,1500,田,市街化区域,,不明,接道・区分情報なし、詳細/役場で要確認,,2026-06-14,,https://akiya-bank.shizuoka.fudohsan.jp/%E7%89%A9%E4%BB%B6/155355/settle/1,不適合
空き家バンクしずおか 清水町,清水町,空き家,掲載に空き家表記,駿東郡清水町堂庭,2250,165.3,45.0,3000,田,市街化区域,,不明,接道・区分情報なし、詳細/役場で要確認,,2026-06-14,,https://akiya-bank.shizuoka.fudohsan.jp/%E7%89%A9%E4%BB%B6/160910/settle/1,不適合
空き家バンクしずおか 清水町,清水町,古家付き土地,土地＋古家/上物の表記,駿東郡清水町伏見,1780,181.9,32.3,1500,田,市街化区域,,不明,接道・区分情報なし、詳細/役場で要確認,,2026-06-14,,https://akiya-bank.shizuoka.fudohsan.jp/%E7%89%A9%E4%BB%B6/163058/settle/1,不適合
空き家バンクしずおか 清水町,清水町,空き家,掲載に空き家表記,駿東郡清水町徳倉67-10,2650,128.4,68.2,3000,田,市街化調整区域,,△,調整区域につき要役場確認＝本命候補,,2026-06-14,関心:調整区域/無指定,https://akiya-bank.shizuoka.fudohsan.jp/%E7%89%A9%E4%BB%B6/173613/settle/1,不適合
空き家バンクしずおか 清水町,清水町,空き家,掲載に空き家表記,駿東郡清水町徳倉,1980,567.1,11.5,3000,畑,市街化区域,,不明,接道・区分情報なし、詳細/役場で要確認,,2026-06-14,,https://akiya-bank.shizuoka.fudohsan.jp/%E7%89%A9%E4%BB%B6/173391/settle/1,適合
空き家バンクしずおか 清水町,清水町,空き家,掲載に空き家表記,駿東郡清水町長沢970-3,3650,118.3,102.0,3000,田,市街化区域,,不明,接道・区分情報なし、詳細/役場で要確認,,2026-06-14,,https://akiya-bank.shizuoka.fudohsan.jp/%E7%89%A9%E4%BB%B6/172933/settle/1,不適合
空き家バンクしずおか 清水町,清水町,更地,土地カテゴリ（建物表記なし）,駿東郡清水町徳倉891-1,1490,133.5,36.9,1500,田,市街化区域,,不明,接道・区分情報なし、詳細/役場で要確認,,2026-06-14,,https://akiya-bank.shizuoka.fudohsan.jp/%E7%89%A9%E4%BB%B6/158257/settle/1,不適合
空き家バンクしずおか 清水町,清水町,更地,土地カテゴリ（建物表記なし）,駿東郡清水町徳倉891-1,1490,133.7,36.8,1500,田,市街化区域,,不明,接道・区分情報なし、詳細/役場で要確認,,2026-06-14,,https://akiya-bank.shizuoka.fudohsan.jp/%E7%89%A9%E4%BB%B6/158258/settle/1,不適合
空き家バンクしずおか 清水町,清水町,古家付き土地,土地＋古家/上物の表記,駿東郡清水町堂庭,3080,198.4,51.3,1500,田,市街化区域,,不明,接道・区分情報なし、詳細/役場で要確認,,2026-06-14,,https://akiya-bank.shizuoka.fudohsan.jp/%E7%89%A9%E4%BB%B6/170814/settle/1,不適合
空き家バンクしずおか 清水町,清水町,古家付き土地,土地＋古家/上物の表記,駿東郡清水町中徳倉,2180,231.1,31.2,1500,田,市街化区域,,不明,接道・区分情報なし、詳細/役場で要確認,,2026-06-14,,https://akiya-bank.shizuoka.fudohsan.jp/%E7%89%A9%E4%BB%B6/170092/settle/1,不適合
空き家バンクしずおか 清水町,清水町,更地,土地カテゴリ（建物表記なし）,駿東郡清水町徳倉,1520,165.3,30.4,1500,宅地,市街化区域,,不明,接道・区分情報なし、詳細/役場で要確認,,2026-06-14,,https://akiya-bank.shizuoka.fudohsan.jp/%E7%89%A9%E4%BB%B6/172442/settle/1,不適合
空き家バンクしずおか 清水町,清水町,空き家,掲載に空き家表記,駿東郡清水町伏見,3200,257.4,41.1,3000,田,市街化区域,,不明,接道・区分情報なし、詳細/役場で要確認,,2026-06-14,,https://akiya-bank.shizuoka.fudohsan.jp/%E7%89%A9%E4%BB%B6/172416/settle/1,不適合
空き家バンクしずおか 清水町,清水町,更地,土地カテゴリ（建物表記なし）,駿東郡清水町伏見,2700,205.3,43.5,1500,田,市街化区域,,不明,接道・区分情報なし、詳細/役場で要確認,,2026-06-14,,https://akiya-bank.shizuoka.fudohsan.jp/%E7%89%A9%E4%BB%B6/149269/settle/1,不適合
空き家バンクしずおか 清水町,清水町,更地,土地カテゴリ（建物表記なし）,駿東郡清水町徳倉2403-1,2400,242.7,32.7,1500,田,市街化区域,,不明,接道・区分情報なし、詳細/役場で要確認,,2026-06-14,,https://akiya-bank.shizuoka.fudohsan.jp/%E7%89%A9%E4%BB%B6/138257/settle/1,不適合
空き家バンクしずおか 清水町,清水町,空き家,掲載に空き家表記,駿東郡清水町長沢989-5,249,105.8,7.8,3000,田,市街化区域,,不明,接道・区分情報なし、詳細/役場で要確認,,2026-06-14,,https://akiya-bank.shizuoka.fudohsan.jp/%E7%89%A9%E4%BB%B6/171451/settle/1,不適合
空き家バンクしずおか 長泉町,長泉町,空き家,掲載に空き家表記,駿東郡長泉町下土狩,4490,125.9,117.9,3000,田,市街化区域,,不明,接道・区分情報なし、詳細/役場で要確認,,2026-06-17,,https://akiya-bank.shizuoka.fudohsan.jp/%E7%89%A9%E4%BB%B6/170062/settle/1,不適合
空き家バンクしずおか 長泉町,長泉町,空き家,掲載に空き家表記,駿東郡長泉町竹原,4980,183.9,89.5,3000,田,市街化区域,,不明,接道・区分情報なし、詳細/役場で要確認,,2026-06-14,,https://akiya-bank.shizuoka.fudohsan.jp/%E7%89%A9%E4%BB%B6/166983/settle/1,不適合
空き家バンクしずおか 長泉町,長泉町,更地,土地カテゴリ（建物表記なし）,駿東郡長泉町上土狩,2140,186.6,37.9,1500,田,市街化区域,,不明,接道・区分情報なし、詳細/役場で要確認,,2026-06-14,,https://akiya-bank.shizuoka.fudohsan.jp/%E7%89%A9%E4%BB%B6/169624/settle/1,不適合
空き家バンクしずおか 長泉町,長泉町,空き家,掲載に空き家表記,駿東郡長泉町下土狩,2250,70.8,105.1,3000,田,—,,不明,接道・区分情報なし、詳細/役場で要確認,,2026-06-14,注意:管理費,https://akiya-bank.shizuoka.fudohsan.jp/%E7%89%A9%E4%BB%B6/167157/settle/1,不適合
空き家バンクしずおか 長泉町,長泉町,空き家,掲載に空き家表記,駿東郡長泉町下土狩,2290,72.0,105.1,3000,田,—,,不明,接道・区分情報なし、詳細/役場で要確認,,2026-06-14,注意:管理費,https://akiya-bank.shizuoka.fudohsan.jp/%E7%89%A9%E4%BB%B6/173653/settle/1,不適合
空き家バンクしずおか 長泉町,長泉町,古家付き土地,土地＋古家/上物の表記,駿東郡長泉町納米里,2880,165.3,57.6,1500,宅地,市街化区域,,不明,接道・区分情報なし、詳細/役場で要確認,,2026-06-14,,https://akiya-bank.shizuoka.fudohsan.jp/%E7%89%A9%E4%BB%B6/174003/settle/1,不適合
空き家バンクしずおか 長泉町,長泉町,空き家,掲載に空き家表記,駿東郡長泉町下土狩,2400,224.0,35.4,3000,田,市街化区域,,不明,接道・区分情報なし、詳細/役場で要確認,,2026-06-14,,https://akiya-bank.shizuoka.fudohsan.jp/%E7%89%A9%E4%BB%B6/163134/settle/1,不適合
空き家バンクしずおか 長泉町,長泉町,更地,土地カテゴリ（建物表記なし）,駿東郡長泉町東野,750,818.0,3.0,1500,田,市街化調整区域,,△,調整区域につき要役場確認＝本命候補,,2026-06-14,関心:調整区域/無指定,https://akiya-bank.shizuoka.fudohsan.jp/%E7%89%A9%E4%BB%B6/160566/settle/1,適合
空き家バンクしずおか 長泉町,長泉町,空き家,掲載に空き家表記,駿東郡長泉町下土狩,4500,55.5,268.0,3000,田,—,,不明,接道・区分情報なし、詳細/役場で要確認,,2026-06-14,注意:管理費,https://akiya-bank.shizuoka.fudohsan.jp/%E7%89%A9%E4%BB%B6/173457/settle/1,不適合
空き家バンクしずおか 長泉町,長泉町,古家付き土地,土地＋古家/上物の表記,駿東郡長泉町竹原148-19,2356,162.3,48.0,1500,田,市街化区域,,不明,接道・区分情報なし、詳細/役場で要確認,,2026-06-14,,https://akiya-bank.shizuoka.fudohsan.jp/%E7%89%A9%E4%BB%B6/163542/settle/1,不適合
空き家バンクしずおか 長泉町,長泉町,空き家,掲載に空き家表記,駿東郡長泉町東野,2700,883.9,10.1,3000,田,市街化調整区域,,△,調整区域につき要役場確認＝本命候補,,2026-06-14,関心:調整区域/無指定,https://akiya-bank.shizuoka.fudohsan.jp/%E7%89%A9%E4%BB%B6/164970/settle/1,適合
空き家バンクしずおか 長泉町,長泉町,古家付き土地,土地＋古家/上物の表記,駿東郡長泉町本宿,1580,138.5,37.7,1500,田,市街化区域,,不明,接道・区分情報なし、詳細/役場で要確認,,2026-06-14,,https://akiya-bank.shizuoka.fudohsan.jp/%E7%89%A9%E4%BB%B6/139461/settle/1,不適合
空き家バンクしずおか 長泉町,長泉町,空き家,掲載に空き家表記,駿東郡長泉町中土狩370-17,5250,91.1,190.5,3000,田,—,,不明,接道・区分情報なし、詳細/役場で要確認,,2026-06-14,注意:管理費,https://akiya-bank.shizuoka.fudohsan.jp/%E7%89%A9%E4%BB%B6/164962/settle/1,不適合
空き家バンクしずおか 長泉町,長泉町,更地,土地カテゴリ（建物表記なし）,駿東郡長泉町下土狩,1250,73.6,56.1,1500,田,市街化区域,,不明,接道・区分情報なし、詳細/役場で要確認,,2026-06-14,,https://akiya-bank.shizuoka.fudohsan.jp/%E7%89%A9%E4%BB%B6/171596/settle/1,不適合
空き家バンクしずおか 長泉町,長泉町,古家付き土地,土地＋古家/上物の表記,駿東郡長泉町下土狩,7400,442.8,55.2,1500,田,市街化区域,,不明,接道・区分情報なし、詳細/役場で要確認,,2026-06-14,,https://akiya-bank.shizuoka.fudohsan.jp/%E7%89%A9%E4%BB%B6/165826/settle/1,不適合
